
    <annotation>
        <folder>Images</folder>
        <filename>hard_hat_workers261.png</filename>
        <size>
            <width>416</width>
            <height>415</height>
            <depth>3</depth>
        </size>
        <segmented>0</segmented>
    
    <object>
        <name>helmet</name>
        <pose>Unspecified</pose>
        <truncated>0</truncated>
        <occluded>0</occluded>
        <difficult>0</difficult>
        <bndbox>
            <xmin>267.2767333984375</xmin>
            <ymin>2.57318115234375</ymin>
            <xmax>308.581298828125</xmax>
            <ymax>308.581298828125</ymax>
        </bndbox>
    </object>
    
    <object>
        <name>helmet</name>
        <pose>Unspecified</pose>
        <truncated>0</truncated>
        <occluded>0</occluded>
        <difficult>0</difficult>
        <bndbox>
            <xmin>267.2767333984375</xmin>
            <ymin>2.57318115234375</ymin>
            <xmax>308.581298828125</xmax>
            <ymax>308.581298828125</ymax>
        </bndbox>
    </object>
    </annotation>