
    <annotation>
        <folder>Images</folder>
        <filename>hard_hat_workers2897.png</filename>
        <size>
            <width>416</width>
            <height>415</height>
            <depth>3</depth>
        </size>
        <segmented>0</segmented>
    
    <object>
        <name>helmet</name>
        <pose>Unspecified</pose>
        <truncated>0</truncated>
        <occluded>0</occluded>
        <difficult>0</difficult>
        <bndbox>
            <xmin>271.1034851074219</xmin>
            <ymin>189.82713317871094</ymin>
            <xmax>291.4504089355469</xmax>
            <ymax>291.4504089355469</ymax>
        </bndbox>
    </object>
    
    <object>
        <name>helmet</name>
        <pose>Unspecified</pose>
        <truncated>0</truncated>
        <occluded>0</occluded>
        <difficult>0</difficult>
        <bndbox>
            <xmin>271.1034851074219</xmin>
            <ymin>189.82713317871094</ymin>
            <xmax>291.4504089355469</xmax>
            <ymax>291.4504089355469</ymax>
        </bndbox>
    </object>
    </annotation>