
    <annotation>
        <folder>Images</folder>
        <filename>hard_hat_workers56.png</filename>
        <size>
            <width>416</width>
            <height>415</height>
            <depth>3</depth>
        </size>
        <segmented>0</segmented>
    
    <object>
        <name>helmet</name>
        <pose>Unspecified</pose>
        <truncated>0</truncated>
        <occluded>0</occluded>
        <difficult>0</difficult>
        <bndbox>
            <xmin>299.43878173828125</xmin>
            <ymin>136.91571044921875</ymin>
            <xmax>321.25537109375</xmax>
            <ymax>321.25537109375</ymax>
        </bndbox>
    </object>
    </annotation>