
    <annotation>
        <folder>Images</folder>
        <filename>hard_hat_workers663.png</filename>
        <size>
            <width>416</width>
            <height>415</height>
            <depth>3</depth>
        </size>
        <segmented>0</segmented>
    
    <object>
        <name>helmet</name>
        <pose>Unspecified</pose>
        <truncated>0</truncated>
        <occluded>0</occluded>
        <difficult>0</difficult>
        <bndbox>
            <xmin>298.6829833984375</xmin>
            <ymin>77.15067291259766</ymin>
            <xmax>308.774169921875</xmax>
            <ymax>308.774169921875</ymax>
        </bndbox>
    </object>
    
    <object>
        <name>helmet</name>
        <pose>Unspecified</pose>
        <truncated>0</truncated>
        <occluded>0</occluded>
        <difficult>0</difficult>
        <bndbox>
            <xmin>298.6829833984375</xmin>
            <ymin>77.15067291259766</ymin>
            <xmax>308.774169921875</xmax>
            <ymax>308.774169921875</ymax>
        </bndbox>
    </object>
    
    <object>
        <name>helmet</name>
        <pose>Unspecified</pose>
        <truncated>0</truncated>
        <occluded>0</occluded>
        <difficult>0</difficult>
        <bndbox>
            <xmin>298.6829833984375</xmin>
            <ymin>77.15067291259766</ymin>
            <xmax>308.774169921875</xmax>
            <ymax>308.774169921875</ymax>
        </bndbox>
    </object>
    
    <object>
        <name>helmet</name>
        <pose>Unspecified</pose>
        <truncated>0</truncated>
        <occluded>0</occluded>
        <difficult>0</difficult>
        <bndbox>
            <xmin>298.6829833984375</xmin>
            <ymin>77.15067291259766</ymin>
            <xmax>308.774169921875</xmax>
            <ymax>308.774169921875</ymax>
        </bndbox>
    </object>
    
    <object>
        <name>helmet</name>
        <pose>Unspecified</pose>
        <truncated>0</truncated>
        <occluded>0</occluded>
        <difficult>0</difficult>
        <bndbox>
            <xmin>298.6829833984375</xmin>
            <ymin>77.15067291259766</ymin>
            <xmax>308.774169921875</xmax>
            <ymax>308.774169921875</ymax>
        </bndbox>
    </object>
    </annotation>