
    <annotation>
        <folder>Images</folder>
        <filename>hard_hat_workers764.png</filename>
        <size>
            <width>416</width>
            <height>415</height>
            <depth>3</depth>
        </size>
        <segmented>0</segmented>
    
    <object>
        <name>helmet</name>
        <pose>Unspecified</pose>
        <truncated>0</truncated>
        <occluded>0</occluded>
        <difficult>0</difficult>
        <bndbox>
            <xmin>157.78746032714844</xmin>
            <ymin>82.38883972167969</ymin>
            <xmax>169.6623992919922</xmax>
            <ymax>169.6623992919922</ymax>
        </bndbox>
    </object>
    
    <object>
        <name>helmet</name>
        <pose>Unspecified</pose>
        <truncated>0</truncated>
        <occluded>0</occluded>
        <difficult>0</difficult>
        <bndbox>
            <xmin>157.78746032714844</xmin>
            <ymin>82.38883972167969</ymin>
            <xmax>169.6623992919922</xmax>
            <ymax>169.6623992919922</ymax>
        </bndbox>
    </object>
    
    <object>
        <name>helmet</name>
        <pose>Unspecified</pose>
        <truncated>0</truncated>
        <occluded>0</occluded>
        <difficult>0</difficult>
        <bndbox>
            <xmin>157.78746032714844</xmin>
            <ymin>82.38883972167969</ymin>
            <xmax>169.6623992919922</xmax>
            <ymax>169.6623992919922</ymax>
        </bndbox>
    </object>
    </annotation>