
    <annotation>
        <folder>Images</folder>
        <filename>hard_hat_workers3692.png</filename>
        <size>
            <width>416</width>
            <height>415</height>
            <depth>3</depth>
        </size>
        <segmented>0</segmented>
    
    <object>
        <name>helmet</name>
        <pose>Unspecified</pose>
        <truncated>0</truncated>
        <occluded>0</occluded>
        <difficult>0</difficult>
        <bndbox>
            <xmin>32.72319030761719</xmin>
            <ymin>156.56060791015625</ymin>
            <xmax>63.16490173339844</xmax>
            <ymax>63.16490173339844</ymax>
        </bndbox>
    </object>
    
    <object>
        <name>helmet</name>
        <pose>Unspecified</pose>
        <truncated>0</truncated>
        <occluded>0</occluded>
        <difficult>0</difficult>
        <bndbox>
            <xmin>32.72319030761719</xmin>
            <ymin>156.56060791015625</ymin>
            <xmax>63.16490173339844</xmax>
            <ymax>63.16490173339844</ymax>
        </bndbox>
    </object>
    
    <object>
        <name>helmet</name>
        <pose>Unspecified</pose>
        <truncated>0</truncated>
        <occluded>0</occluded>
        <difficult>0</difficult>
        <bndbox>
            <xmin>32.72319030761719</xmin>
            <ymin>156.56060791015625</ymin>
            <xmax>63.16490173339844</xmax>
            <ymax>63.16490173339844</ymax>
        </bndbox>
    </object>
    
    <object>
        <name>helmet</name>
        <pose>Unspecified</pose>
        <truncated>0</truncated>
        <occluded>0</occluded>
        <difficult>0</difficult>
        <bndbox>
            <xmin>32.72319030761719</xmin>
            <ymin>156.56060791015625</ymin>
            <xmax>63.16490173339844</xmax>
            <ymax>63.16490173339844</ymax>
        </bndbox>
    </object>
    </annotation>