
    <annotation>
        <folder>Images</folder>
        <filename>hard_hat_workers925.png</filename>
        <size>
            <width>416</width>
            <height>415</height>
            <depth>3</depth>
        </size>
        <segmented>0</segmented>
    
    <object>
        <name>helmet</name>
        <pose>Unspecified</pose>
        <truncated>0</truncated>
        <occluded>0</occluded>
        <difficult>0</difficult>
        <bndbox>
            <xmin>41.4908447265625</xmin>
            <ymin>0.1345062255859375</ymin>
            <xmax>105.98788452148438</xmax>
            <ymax>105.98788452148438</ymax>
        </bndbox>
    </object>
    
    <object>
        <name>helmet</name>
        <pose>Unspecified</pose>
        <truncated>0</truncated>
        <occluded>0</occluded>
        <difficult>0</difficult>
        <bndbox>
            <xmin>41.4908447265625</xmin>
            <ymin>0.1345062255859375</ymin>
            <xmax>105.98788452148438</xmax>
            <ymax>105.98788452148438</ymax>
        </bndbox>
    </object>
    
    <object>
        <name>helmet</name>
        <pose>Unspecified</pose>
        <truncated>0</truncated>
        <occluded>0</occluded>
        <difficult>0</difficult>
        <bndbox>
            <xmin>41.4908447265625</xmin>
            <ymin>0.1345062255859375</ymin>
            <xmax>105.98788452148438</xmax>
            <ymax>105.98788452148438</ymax>
        </bndbox>
    </object>
    
    <object>
        <name>helmet</name>
        <pose>Unspecified</pose>
        <truncated>0</truncated>
        <occluded>0</occluded>
        <difficult>0</difficult>
        <bndbox>
            <xmin>41.4908447265625</xmin>
            <ymin>0.1345062255859375</ymin>
            <xmax>105.98788452148438</xmax>
            <ymax>105.98788452148438</ymax>
        </bndbox>
    </object>
    
    <object>
        <name>helmet</name>
        <pose>Unspecified</pose>
        <truncated>0</truncated>
        <occluded>0</occluded>
        <difficult>0</difficult>
        <bndbox>
            <xmin>41.4908447265625</xmin>
            <ymin>0.1345062255859375</ymin>
            <xmax>105.98788452148438</xmax>
            <ymax>105.98788452148438</ymax>
        </bndbox>
    </object>
    
    <object>
        <name>helmet</name>
        <pose>Unspecified</pose>
        <truncated>0</truncated>
        <occluded>0</occluded>
        <difficult>0</difficult>
        <bndbox>
            <xmin>41.4908447265625</xmin>
            <ymin>0.1345062255859375</ymin>
            <xmax>105.98788452148438</xmax>
            <ymax>105.98788452148438</ymax>
        </bndbox>
    </object>
    </annotation>