
    <annotation>
        <folder>Images</folder>
        <filename>hard_hat_workers2131.png</filename>
        <size>
            <width>416</width>
            <height>415</height>
            <depth>3</depth>
        </size>
        <segmented>0</segmented>
    
    <object>
        <name>helmet</name>
        <pose>Unspecified</pose>
        <truncated>0</truncated>
        <occluded>0</occluded>
        <difficult>0</difficult>
        <bndbox>
            <xmin>279.49041748046875</xmin>
            <ymin>206.43746948242188</ymin>
            <xmax>295.6338806152344</xmax>
            <ymax>295.6338806152344</ymax>
        </bndbox>
    </object>
    
    <object>
        <name>helmet</name>
        <pose>Unspecified</pose>
        <truncated>0</truncated>
        <occluded>0</occluded>
        <difficult>0</difficult>
        <bndbox>
            <xmin>279.49041748046875</xmin>
            <ymin>206.43746948242188</ymin>
            <xmax>295.6338806152344</xmax>
            <ymax>295.6338806152344</ymax>
        </bndbox>
    </object>
    
    <object>
        <name>helmet</name>
        <pose>Unspecified</pose>
        <truncated>0</truncated>
        <occluded>0</occluded>
        <difficult>0</difficult>
        <bndbox>
            <xmin>279.49041748046875</xmin>
            <ymin>206.43746948242188</ymin>
            <xmax>295.6338806152344</xmax>
            <ymax>295.6338806152344</ymax>
        </bndbox>
    </object>
    
    <object>
        <name>helmet</name>
        <pose>Unspecified</pose>
        <truncated>0</truncated>
        <occluded>0</occluded>
        <difficult>0</difficult>
        <bndbox>
            <xmin>279.49041748046875</xmin>
            <ymin>206.43746948242188</ymin>
            <xmax>295.6338806152344</xmax>
            <ymax>295.6338806152344</ymax>
        </bndbox>
    </object>
    
    <object>
        <name>helmet</name>
        <pose>Unspecified</pose>
        <truncated>0</truncated>
        <occluded>0</occluded>
        <difficult>0</difficult>
        <bndbox>
            <xmin>279.49041748046875</xmin>
            <ymin>206.43746948242188</ymin>
            <xmax>295.6338806152344</xmax>
            <ymax>295.6338806152344</ymax>
        </bndbox>
    </object>
    </annotation>