
    <annotation>
        <folder>Images</folder>
        <filename>hard_hat_workers2728.png</filename>
        <size>
            <width>416</width>
            <height>415</height>
            <depth>3</depth>
        </size>
        <segmented>0</segmented>
    
    <object>
        <name>helmet</name>
        <pose>Unspecified</pose>
        <truncated>0</truncated>
        <occluded>0</occluded>
        <difficult>0</difficult>
        <bndbox>
            <xmin>369.18829345703125</xmin>
            <ymin>97.3387451171875</ymin>
            <xmax>414.51348876953125</xmax>
            <ymax>414.51348876953125</ymax>
        </bndbox>
    </object>
    
    <object>
        <name>helmet</name>
        <pose>Unspecified</pose>
        <truncated>0</truncated>
        <occluded>0</occluded>
        <difficult>0</difficult>
        <bndbox>
            <xmin>369.18829345703125</xmin>
            <ymin>97.3387451171875</ymin>
            <xmax>414.51348876953125</xmax>
            <ymax>414.51348876953125</ymax>
        </bndbox>
    </object>
    
    <object>
        <name>helmet</name>
        <pose>Unspecified</pose>
        <truncated>0</truncated>
        <occluded>0</occluded>
        <difficult>0</difficult>
        <bndbox>
            <xmin>369.18829345703125</xmin>
            <ymin>97.3387451171875</ymin>
            <xmax>414.51348876953125</xmax>
            <ymax>414.51348876953125</ymax>
        </bndbox>
    </object>
    
    <object>
        <name>helmet</name>
        <pose>Unspecified</pose>
        <truncated>0</truncated>
        <occluded>0</occluded>
        <difficult>0</difficult>
        <bndbox>
            <xmin>369.18829345703125</xmin>
            <ymin>97.3387451171875</ymin>
            <xmax>414.51348876953125</xmax>
            <ymax>414.51348876953125</ymax>
        </bndbox>
    </object>
    
    <object>
        <name>helmet</name>
        <pose>Unspecified</pose>
        <truncated>0</truncated>
        <occluded>0</occluded>
        <difficult>0</difficult>
        <bndbox>
            <xmin>369.18829345703125</xmin>
            <ymin>97.3387451171875</ymin>
            <xmax>414.51348876953125</xmax>
            <ymax>414.51348876953125</ymax>
        </bndbox>
    </object>
    
    <object>
        <name>helmet</name>
        <pose>Unspecified</pose>
        <truncated>0</truncated>
        <occluded>0</occluded>
        <difficult>0</difficult>
        <bndbox>
            <xmin>369.18829345703125</xmin>
            <ymin>97.3387451171875</ymin>
            <xmax>414.51348876953125</xmax>
            <ymax>414.51348876953125</ymax>
        </bndbox>
    </object>
    </annotation>