
    <annotation>
        <folder>Images</folder>
        <filename>hard_hat_workers4370.png</filename>
        <size>
            <width>416</width>
            <height>415</height>
            <depth>3</depth>
        </size>
        <segmented>0</segmented>
    
    <object>
        <name>helmet</name>
        <pose>Unspecified</pose>
        <truncated>0</truncated>
        <occluded>0</occluded>
        <difficult>0</difficult>
        <bndbox>
            <xmin>176.66958618164062</xmin>
            <ymin>143.6435546875</ymin>
            <xmax>192.9783935546875</xmax>
            <ymax>192.9783935546875</ymax>
        </bndbox>
    </object>
    
    <object>
        <name>helmet</name>
        <pose>Unspecified</pose>
        <truncated>0</truncated>
        <occluded>0</occluded>
        <difficult>0</difficult>
        <bndbox>
            <xmin>176.66958618164062</xmin>
            <ymin>143.6435546875</ymin>
            <xmax>192.9783935546875</xmax>
            <ymax>192.9783935546875</ymax>
        </bndbox>
    </object>
    
    <object>
        <name>helmet</name>
        <pose>Unspecified</pose>
        <truncated>0</truncated>
        <occluded>0</occluded>
        <difficult>0</difficult>
        <bndbox>
            <xmin>176.66958618164062</xmin>
            <ymin>143.6435546875</ymin>
            <xmax>192.9783935546875</xmax>
            <ymax>192.9783935546875</ymax>
        </bndbox>
    </object>
    </annotation>