
    <annotation>
        <folder>Images</folder>
        <filename>hard_hat_workers1982.png</filename>
        <size>
            <width>416</width>
            <height>415</height>
            <depth>3</depth>
        </size>
        <segmented>0</segmented>
    
    <object>
        <name>helmet</name>
        <pose>Unspecified</pose>
        <truncated>0</truncated>
        <occluded>0</occluded>
        <difficult>0</difficult>
        <bndbox>
            <xmin>201.38217163085938</xmin>
            <ymin>124.12351989746094</ymin>
            <xmax>258.71270751953125</xmax>
            <ymax>258.71270751953125</ymax>
        </bndbox>
    </object>
    
    <object>
        <name>helmet</name>
        <pose>Unspecified</pose>
        <truncated>0</truncated>
        <occluded>0</occluded>
        <difficult>0</difficult>
        <bndbox>
            <xmin>201.38217163085938</xmin>
            <ymin>124.12351989746094</ymin>
            <xmax>258.71270751953125</xmax>
            <ymax>258.71270751953125</ymax>
        </bndbox>
    </object>
    
    <object>
        <name>helmet</name>
        <pose>Unspecified</pose>
        <truncated>0</truncated>
        <occluded>0</occluded>
        <difficult>0</difficult>
        <bndbox>
            <xmin>201.38217163085938</xmin>
            <ymin>124.12351989746094</ymin>
            <xmax>258.71270751953125</xmax>
            <ymax>258.71270751953125</ymax>
        </bndbox>
    </object>
    
    <object>
        <name>helmet</name>
        <pose>Unspecified</pose>
        <truncated>0</truncated>
        <occluded>0</occluded>
        <difficult>0</difficult>
        <bndbox>
            <xmin>201.38217163085938</xmin>
            <ymin>124.12351989746094</ymin>
            <xmax>258.71270751953125</xmax>
            <ymax>258.71270751953125</ymax>
        </bndbox>
    </object>
    
    <object>
        <name>helmet</name>
        <pose>Unspecified</pose>
        <truncated>0</truncated>
        <occluded>0</occluded>
        <difficult>0</difficult>
        <bndbox>
            <xmin>201.38217163085938</xmin>
            <ymin>124.12351989746094</ymin>
            <xmax>258.71270751953125</xmax>
            <ymax>258.71270751953125</ymax>
        </bndbox>
    </object>
    
    <object>
        <name>helmet</name>
        <pose>Unspecified</pose>
        <truncated>0</truncated>
        <occluded>0</occluded>
        <difficult>0</difficult>
        <bndbox>
            <xmin>201.38217163085938</xmin>
            <ymin>124.12351989746094</ymin>
            <xmax>258.71270751953125</xmax>
            <ymax>258.71270751953125</ymax>
        </bndbox>
    </object>
    </annotation>