
    <annotation>
        <folder>Images</folder>
        <filename>hard_hat_workers4062.png</filename>
        <size>
            <width>416</width>
            <height>415</height>
            <depth>3</depth>
        </size>
        <segmented>0</segmented>
    
    <object>
        <name>helmet</name>
        <pose>Unspecified</pose>
        <truncated>0</truncated>
        <occluded>0</occluded>
        <difficult>0</difficult>
        <bndbox>
            <xmin>252.63011169433594</xmin>
            <ymin>351.6248779296875</ymin>
            <xmax>293.822265625</xmax>
            <ymax>293.822265625</ymax>
        </bndbox>
    </object>
    
    <object>
        <name>helmet</name>
        <pose>Unspecified</pose>
        <truncated>0</truncated>
        <occluded>0</occluded>
        <difficult>0</difficult>
        <bndbox>
            <xmin>252.63011169433594</xmin>
            <ymin>351.6248779296875</ymin>
            <xmax>293.822265625</xmax>
            <ymax>293.822265625</ymax>
        </bndbox>
    </object>
    
    <object>
        <name>helmet</name>
        <pose>Unspecified</pose>
        <truncated>0</truncated>
        <occluded>0</occluded>
        <difficult>0</difficult>
        <bndbox>
            <xmin>252.63011169433594</xmin>
            <ymin>351.6248779296875</ymin>
            <xmax>293.822265625</xmax>
            <ymax>293.822265625</ymax>
        </bndbox>
    </object>
    
    <object>
        <name>helmet</name>
        <pose>Unspecified</pose>
        <truncated>0</truncated>
        <occluded>0</occluded>
        <difficult>0</difficult>
        <bndbox>
            <xmin>252.63011169433594</xmin>
            <ymin>351.6248779296875</ymin>
            <xmax>293.822265625</xmax>
            <ymax>293.822265625</ymax>
        </bndbox>
    </object>
    
    <object>
        <name>helmet</name>
        <pose>Unspecified</pose>
        <truncated>0</truncated>
        <occluded>0</occluded>
        <difficult>0</difficult>
        <bndbox>
            <xmin>252.63011169433594</xmin>
            <ymin>351.6248779296875</ymin>
            <xmax>293.822265625</xmax>
            <ymax>293.822265625</ymax>
        </bndbox>
    </object>
    </annotation>