
    <annotation>
        <folder>Images</folder>
        <filename>hard_hat_workers1918.png</filename>
        <size>
            <width>416</width>
            <height>415</height>
            <depth>3</depth>
        </size>
        <segmented>0</segmented>
    
    <object>
        <name>helmet</name>
        <pose>Unspecified</pose>
        <truncated>0</truncated>
        <occluded>0</occluded>
        <difficult>0</difficult>
        <bndbox>
            <xmin>169.9652557373047</xmin>
            <ymin>164.9486541748047</ymin>
            <xmax>191.25303649902344</xmax>
            <ymax>191.25303649902344</ymax>
        </bndbox>
    </object>
    
    <object>
        <name>helmet</name>
        <pose>Unspecified</pose>
        <truncated>0</truncated>
        <occluded>0</occluded>
        <difficult>0</difficult>
        <bndbox>
            <xmin>169.9652557373047</xmin>
            <ymin>164.9486541748047</ymin>
            <xmax>191.25303649902344</xmax>
            <ymax>191.25303649902344</ymax>
        </bndbox>
    </object>
    
    <object>
        <name>helmet</name>
        <pose>Unspecified</pose>
        <truncated>0</truncated>
        <occluded>0</occluded>
        <difficult>0</difficult>
        <bndbox>
            <xmin>169.9652557373047</xmin>
            <ymin>164.9486541748047</ymin>
            <xmax>191.25303649902344</xmax>
            <ymax>191.25303649902344</ymax>
        </bndbox>
    </object>
    
    <object>
        <name>helmet</name>
        <pose>Unspecified</pose>
        <truncated>0</truncated>
        <occluded>0</occluded>
        <difficult>0</difficult>
        <bndbox>
            <xmin>169.9652557373047</xmin>
            <ymin>164.9486541748047</ymin>
            <xmax>191.25303649902344</xmax>
            <ymax>191.25303649902344</ymax>
        </bndbox>
    </object>
    </annotation>