
    <annotation>
        <folder>Images</folder>
        <filename>hard_hat_workers1961.png</filename>
        <size>
            <width>416</width>
            <height>415</height>
            <depth>3</depth>
        </size>
        <segmented>0</segmented>
    
    <object>
        <name>helmet</name>
        <pose>Unspecified</pose>
        <truncated>0</truncated>
        <occluded>0</occluded>
        <difficult>0</difficult>
        <bndbox>
            <xmin>169.38641357421875</xmin>
            <ymin>261.7427978515625</ymin>
            <xmax>193.41050720214844</xmax>
            <ymax>193.41050720214844</ymax>
        </bndbox>
    </object>
    
    <object>
        <name>helmet</name>
        <pose>Unspecified</pose>
        <truncated>0</truncated>
        <occluded>0</occluded>
        <difficult>0</difficult>
        <bndbox>
            <xmin>169.38641357421875</xmin>
            <ymin>261.7427978515625</ymin>
            <xmax>193.41050720214844</xmax>
            <ymax>193.41050720214844</ymax>
        </bndbox>
    </object>
    </annotation>