
    <annotation>
        <folder>Images</folder>
        <filename>hard_hat_workers192.png</filename>
        <size>
            <width>416</width>
            <height>415</height>
            <depth>3</depth>
        </size>
        <segmented>0</segmented>
    
    <object>
        <name>helmet</name>
        <pose>Unspecified</pose>
        <truncated>0</truncated>
        <occluded>0</occluded>
        <difficult>0</difficult>
        <bndbox>
            <xmin>224.49620056152344</xmin>
            <ymin>245.36839294433594</ymin>
            <xmax>238.92774963378906</xmax>
            <ymax>238.92774963378906</ymax>
        </bndbox>
    </object>
    
    <object>
        <name>helmet</name>
        <pose>Unspecified</pose>
        <truncated>0</truncated>
        <occluded>0</occluded>
        <difficult>0</difficult>
        <bndbox>
            <xmin>224.49620056152344</xmin>
            <ymin>245.36839294433594</ymin>
            <xmax>238.92774963378906</xmax>
            <ymax>238.92774963378906</ymax>
        </bndbox>
    </object>
    
    <object>
        <name>helmet</name>
        <pose>Unspecified</pose>
        <truncated>0</truncated>
        <occluded>0</occluded>
        <difficult>0</difficult>
        <bndbox>
            <xmin>224.49620056152344</xmin>
            <ymin>245.36839294433594</ymin>
            <xmax>238.92774963378906</xmax>
            <ymax>238.92774963378906</ymax>
        </bndbox>
    </object>
    
    <object>
        <name>helmet</name>
        <pose>Unspecified</pose>
        <truncated>0</truncated>
        <occluded>0</occluded>
        <difficult>0</difficult>
        <bndbox>
            <xmin>224.49620056152344</xmin>
            <ymin>245.36839294433594</ymin>
            <xmax>238.92774963378906</xmax>
            <ymax>238.92774963378906</ymax>
        </bndbox>
    </object>
    
    <object>
        <name>helmet</name>
        <pose>Unspecified</pose>
        <truncated>0</truncated>
        <occluded>0</occluded>
        <difficult>0</difficult>
        <bndbox>
            <xmin>224.49620056152344</xmin>
            <ymin>245.36839294433594</ymin>
            <xmax>238.92774963378906</xmax>
            <ymax>238.92774963378906</ymax>
        </bndbox>
    </object>
    
    <object>
        <name>helmet</name>
        <pose>Unspecified</pose>
        <truncated>0</truncated>
        <occluded>0</occluded>
        <difficult>0</difficult>
        <bndbox>
            <xmin>224.49620056152344</xmin>
            <ymin>245.36839294433594</ymin>
            <xmax>238.92774963378906</xmax>
            <ymax>238.92774963378906</ymax>
        </bndbox>
    </object>
    
    <object>
        <name>helmet</name>
        <pose>Unspecified</pose>
        <truncated>0</truncated>
        <occluded>0</occluded>
        <difficult>0</difficult>
        <bndbox>
            <xmin>224.49620056152344</xmin>
            <ymin>245.36839294433594</ymin>
            <xmax>238.92774963378906</xmax>
            <ymax>238.92774963378906</ymax>
        </bndbox>
    </object>
    </annotation>