
    <annotation>
        <folder>Images</folder>
        <filename>hard_hat_workers3664.png</filename>
        <size>
            <width>416</width>
            <height>415</height>
            <depth>3</depth>
        </size>
        <segmented>0</segmented>
    
    <object>
        <name>helmet</name>
        <pose>Unspecified</pose>
        <truncated>0</truncated>
        <occluded>0</occluded>
        <difficult>0</difficult>
        <bndbox>
            <xmin>133.45248413085938</xmin>
            <ymin>181.22373962402344</ymin>
            <xmax>188.27557373046875</xmax>
            <ymax>188.27557373046875</ymax>
        </bndbox>
    </object>
    </annotation>