
    <annotation>
        <folder>Images</folder>
        <filename>hard_hat_workers2716.png</filename>
        <size>
            <width>416</width>
            <height>415</height>
            <depth>3</depth>
        </size>
        <segmented>0</segmented>
    
    <object>
        <name>helmet</name>
        <pose>Unspecified</pose>
        <truncated>0</truncated>
        <occluded>0</occluded>
        <difficult>0</difficult>
        <bndbox>
            <xmin>158.75262451171875</xmin>
            <ymin>121.45130920410156</ymin>
            <xmax>184.06195068359375</xmax>
            <ymax>184.06195068359375</ymax>
        </bndbox>
    </object>
    </annotation>