
    <annotation>
        <folder>Images</folder>
        <filename>hard_hat_workers329.png</filename>
        <size>
            <width>416</width>
            <height>415</height>
            <depth>3</depth>
        </size>
        <segmented>0</segmented>
    
    <object>
        <name>helmet</name>
        <pose>Unspecified</pose>
        <truncated>0</truncated>
        <occluded>0</occluded>
        <difficult>0</difficult>
        <bndbox>
            <xmin>337.62628173828125</xmin>
            <ymin>25.518993377685547</ymin>
            <xmax>369.1942138671875</xmax>
            <ymax>369.1942138671875</ymax>
        </bndbox>
    </object>
    
    <object>
        <name>helmet</name>
        <pose>Unspecified</pose>
        <truncated>0</truncated>
        <occluded>0</occluded>
        <difficult>0</difficult>
        <bndbox>
            <xmin>337.62628173828125</xmin>
            <ymin>25.518993377685547</ymin>
            <xmax>369.1942138671875</xmax>
            <ymax>369.1942138671875</ymax>
        </bndbox>
    </object>
    
    <object>
        <name>helmet</name>
        <pose>Unspecified</pose>
        <truncated>0</truncated>
        <occluded>0</occluded>
        <difficult>0</difficult>
        <bndbox>
            <xmin>337.62628173828125</xmin>
            <ymin>25.518993377685547</ymin>
            <xmax>369.1942138671875</xmax>
            <ymax>369.1942138671875</ymax>
        </bndbox>
    </object>
    
    <object>
        <name>helmet</name>
        <pose>Unspecified</pose>
        <truncated>0</truncated>
        <occluded>0</occluded>
        <difficult>0</difficult>
        <bndbox>
            <xmin>337.62628173828125</xmin>
            <ymin>25.518993377685547</ymin>
            <xmax>369.1942138671875</xmax>
            <ymax>369.1942138671875</ymax>
        </bndbox>
    </object>
    
    <object>
        <name>helmet</name>
        <pose>Unspecified</pose>
        <truncated>0</truncated>
        <occluded>0</occluded>
        <difficult>0</difficult>
        <bndbox>
            <xmin>337.62628173828125</xmin>
            <ymin>25.518993377685547</ymin>
            <xmax>369.1942138671875</xmax>
            <ymax>369.1942138671875</ymax>
        </bndbox>
    </object>
    
    <object>
        <name>helmet</name>
        <pose>Unspecified</pose>
        <truncated>0</truncated>
        <occluded>0</occluded>
        <difficult>0</difficult>
        <bndbox>
            <xmin>337.62628173828125</xmin>
            <ymin>25.518993377685547</ymin>
            <xmax>369.1942138671875</xmax>
            <ymax>369.1942138671875</ymax>
        </bndbox>
    </object>
    
    <object>
        <name>helmet</name>
        <pose>Unspecified</pose>
        <truncated>0</truncated>
        <occluded>0</occluded>
        <difficult>0</difficult>
        <bndbox>
            <xmin>337.62628173828125</xmin>
            <ymin>25.518993377685547</ymin>
            <xmax>369.1942138671875</xmax>
            <ymax>369.1942138671875</ymax>
        </bndbox>
    </object>
    </annotation>