
    <annotation>
        <folder>Images</folder>
        <filename>hard_hat_workers796.png</filename>
        <size>
            <width>416</width>
            <height>415</height>
            <depth>3</depth>
        </size>
        <segmented>0</segmented>
    
    <object>
        <name>helmet</name>
        <pose>Unspecified</pose>
        <truncated>0</truncated>
        <occluded>0</occluded>
        <difficult>0</difficult>
        <bndbox>
            <xmin>134.37234497070312</xmin>
            <ymin>146.0994110107422</ymin>
            <xmax>156.3627471923828</xmax>
            <ymax>156.3627471923828</ymax>
        </bndbox>
    </object>
    
    <object>
        <name>helmet</name>
        <pose>Unspecified</pose>
        <truncated>0</truncated>
        <occluded>0</occluded>
        <difficult>0</difficult>
        <bndbox>
            <xmin>134.37234497070312</xmin>
            <ymin>146.0994110107422</ymin>
            <xmax>156.3627471923828</xmax>
            <ymax>156.3627471923828</ymax>
        </bndbox>
    </object>
    
    <object>
        <name>helmet</name>
        <pose>Unspecified</pose>
        <truncated>0</truncated>
        <occluded>0</occluded>
        <difficult>0</difficult>
        <bndbox>
            <xmin>134.37234497070312</xmin>
            <ymin>146.0994110107422</ymin>
            <xmax>156.3627471923828</xmax>
            <ymax>156.3627471923828</ymax>
        </bndbox>
    </object>
    
    <object>
        <name>helmet</name>
        <pose>Unspecified</pose>
        <truncated>0</truncated>
        <occluded>0</occluded>
        <difficult>0</difficult>
        <bndbox>
            <xmin>134.37234497070312</xmin>
            <ymin>146.0994110107422</ymin>
            <xmax>156.3627471923828</xmax>
            <ymax>156.3627471923828</ymax>
        </bndbox>
    </object>
    
    <object>
        <name>helmet</name>
        <pose>Unspecified</pose>
        <truncated>0</truncated>
        <occluded>0</occluded>
        <difficult>0</difficult>
        <bndbox>
            <xmin>134.37234497070312</xmin>
            <ymin>146.0994110107422</ymin>
            <xmax>156.3627471923828</xmax>
            <ymax>156.3627471923828</ymax>
        </bndbox>
    </object>
    </annotation>