
    <annotation>
        <folder>Images</folder>
        <filename>hard_hat_workers246.png</filename>
        <size>
            <width>416</width>
            <height>415</height>
            <depth>3</depth>
        </size>
        <segmented>0</segmented>
    
    <object>
        <name>helmet</name>
        <pose>Unspecified</pose>
        <truncated>0</truncated>
        <occluded>0</occluded>
        <difficult>0</difficult>
        <bndbox>
            <xmin>25.620471954345703</xmin>
            <ymin>262.5687255859375</ymin>
            <xmax>84.46060180664062</xmax>
            <ymax>84.46060180664062</ymax>
        </bndbox>
    </object>
    
    <object>
        <name>helmet</name>
        <pose>Unspecified</pose>
        <truncated>0</truncated>
        <occluded>0</occluded>
        <difficult>0</difficult>
        <bndbox>
            <xmin>25.620471954345703</xmin>
            <ymin>262.5687255859375</ymin>
            <xmax>84.46060180664062</xmax>
            <ymax>84.46060180664062</ymax>
        </bndbox>
    </object>
    
    <object>
        <name>helmet</name>
        <pose>Unspecified</pose>
        <truncated>0</truncated>
        <occluded>0</occluded>
        <difficult>0</difficult>
        <bndbox>
            <xmin>25.620471954345703</xmin>
            <ymin>262.5687255859375</ymin>
            <xmax>84.46060180664062</xmax>
            <ymax>84.46060180664062</ymax>
        </bndbox>
    </object>
    </annotation>