
    <annotation>
        <folder>Images</folder>
        <filename>hard_hat_workers4355.png</filename>
        <size>
            <width>416</width>
            <height>415</height>
            <depth>3</depth>
        </size>
        <segmented>0</segmented>
    
    <object>
        <name>helmet</name>
        <pose>Unspecified</pose>
        <truncated>0</truncated>
        <occluded>0</occluded>
        <difficult>0</difficult>
        <bndbox>
            <xmin>275.8896789550781</xmin>
            <ymin>121.35826873779297</ymin>
            <xmax>286.8336486816406</xmax>
            <ymax>286.8336486816406</ymax>
        </bndbox>
    </object>
    
    <object>
        <name>helmet</name>
        <pose>Unspecified</pose>
        <truncated>0</truncated>
        <occluded>0</occluded>
        <difficult>0</difficult>
        <bndbox>
            <xmin>275.8896789550781</xmin>
            <ymin>121.35826873779297</ymin>
            <xmax>286.8336486816406</xmax>
            <ymax>286.8336486816406</ymax>
        </bndbox>
    </object>
    
    <object>
        <name>helmet</name>
        <pose>Unspecified</pose>
        <truncated>0</truncated>
        <occluded>0</occluded>
        <difficult>0</difficult>
        <bndbox>
            <xmin>275.8896789550781</xmin>
            <ymin>121.35826873779297</ymin>
            <xmax>286.8336486816406</xmax>
            <ymax>286.8336486816406</ymax>
        </bndbox>
    </object>
    
    <object>
        <name>helmet</name>
        <pose>Unspecified</pose>
        <truncated>0</truncated>
        <occluded>0</occluded>
        <difficult>0</difficult>
        <bndbox>
            <xmin>275.8896789550781</xmin>
            <ymin>121.35826873779297</ymin>
            <xmax>286.8336486816406</xmax>
            <ymax>286.8336486816406</ymax>
        </bndbox>
    </object>
    
    <object>
        <name>helmet</name>
        <pose>Unspecified</pose>
        <truncated>0</truncated>
        <occluded>0</occluded>
        <difficult>0</difficult>
        <bndbox>
            <xmin>275.8896789550781</xmin>
            <ymin>121.35826873779297</ymin>
            <xmax>286.8336486816406</xmax>
            <ymax>286.8336486816406</ymax>
        </bndbox>
    </object>
    
    <object>
        <name>helmet</name>
        <pose>Unspecified</pose>
        <truncated>0</truncated>
        <occluded>0</occluded>
        <difficult>0</difficult>
        <bndbox>
            <xmin>275.8896789550781</xmin>
            <ymin>121.35826873779297</ymin>
            <xmax>286.8336486816406</xmax>
            <ymax>286.8336486816406</ymax>
        </bndbox>
    </object>
    </annotation>