
    <annotation>
        <folder>Images</folder>
        <filename>hard_hat_workers2063.png</filename>
        <size>
            <width>416</width>
            <height>415</height>
            <depth>3</depth>
        </size>
        <segmented>0</segmented>
    
    <object>
        <name>helmet</name>
        <pose>Unspecified</pose>
        <truncated>0</truncated>
        <occluded>0</occluded>
        <difficult>0</difficult>
        <bndbox>
            <xmin>190.64279174804688</xmin>
            <ymin>238.96954345703125</ymin>
            <xmax>215.18853759765625</xmax>
            <ymax>215.18853759765625</ymax>
        </bndbox>
    </object>
    
    <object>
        <name>helmet</name>
        <pose>Unspecified</pose>
        <truncated>0</truncated>
        <occluded>0</occluded>
        <difficult>0</difficult>
        <bndbox>
            <xmin>190.64279174804688</xmin>
            <ymin>238.96954345703125</ymin>
            <xmax>215.18853759765625</xmax>
            <ymax>215.18853759765625</ymax>
        </bndbox>
    </object>
    
    <object>
        <name>helmet</name>
        <pose>Unspecified</pose>
        <truncated>0</truncated>
        <occluded>0</occluded>
        <difficult>0</difficult>
        <bndbox>
            <xmin>190.64279174804688</xmin>
            <ymin>238.96954345703125</ymin>
            <xmax>215.18853759765625</xmax>
            <ymax>215.18853759765625</ymax>
        </bndbox>
    </object>
    </annotation>