
    <annotation>
        <folder>Images</folder>
        <filename>hard_hat_workers2824.png</filename>
        <size>
            <width>416</width>
            <height>415</height>
            <depth>3</depth>
        </size>
        <segmented>0</segmented>
    
    <object>
        <name>helmet</name>
        <pose>Unspecified</pose>
        <truncated>0</truncated>
        <occluded>0</occluded>
        <difficult>0</difficult>
        <bndbox>
            <xmin>98.91677856445312</xmin>
            <ymin>4.545890808105469</ymin>
            <xmax>149.10618591308594</xmax>
            <ymax>149.10618591308594</ymax>
        </bndbox>
    </object>
    
    <object>
        <name>helmet</name>
        <pose>Unspecified</pose>
        <truncated>0</truncated>
        <occluded>0</occluded>
        <difficult>0</difficult>
        <bndbox>
            <xmin>98.91677856445312</xmin>
            <ymin>4.545890808105469</ymin>
            <xmax>149.10618591308594</xmax>
            <ymax>149.10618591308594</ymax>
        </bndbox>
    </object>
    </annotation>