
    <annotation>
        <folder>Images</folder>
        <filename>hard_hat_workers3076.png</filename>
        <size>
            <width>416</width>
            <height>415</height>
            <depth>3</depth>
        </size>
        <segmented>0</segmented>
    
    <object>
        <name>helmet</name>
        <pose>Unspecified</pose>
        <truncated>0</truncated>
        <occluded>0</occluded>
        <difficult>0</difficult>
        <bndbox>
            <xmin>177.89263916015625</xmin>
            <ymin>45.54212951660156</ymin>
            <xmax>191.29119873046875</xmax>
            <ymax>191.29119873046875</ymax>
        </bndbox>
    </object>
    
    <object>
        <name>helmet</name>
        <pose>Unspecified</pose>
        <truncated>0</truncated>
        <occluded>0</occluded>
        <difficult>0</difficult>
        <bndbox>
            <xmin>177.89263916015625</xmin>
            <ymin>45.54212951660156</ymin>
            <xmax>191.29119873046875</xmax>
            <ymax>191.29119873046875</ymax>
        </bndbox>
    </object>
    </annotation>