
    <annotation>
        <folder>Images</folder>
        <filename>hard_hat_workers4133.png</filename>
        <size>
            <width>416</width>
            <height>415</height>
            <depth>3</depth>
        </size>
        <segmented>0</segmented>
    
    <object>
        <name>helmet</name>
        <pose>Unspecified</pose>
        <truncated>0</truncated>
        <occluded>0</occluded>
        <difficult>0</difficult>
        <bndbox>
            <xmin>178.48585510253906</xmin>
            <ymin>150.5097198486328</ymin>
            <xmax>214.41929626464844</xmax>
            <ymax>214.41929626464844</ymax>
        </bndbox>
    </object>
    
    <object>
        <name>helmet</name>
        <pose>Unspecified</pose>
        <truncated>0</truncated>
        <occluded>0</occluded>
        <difficult>0</difficult>
        <bndbox>
            <xmin>178.48585510253906</xmin>
            <ymin>150.5097198486328</ymin>
            <xmax>214.41929626464844</xmax>
            <ymax>214.41929626464844</ymax>
        </bndbox>
    </object>
    
    <object>
        <name>helmet</name>
        <pose>Unspecified</pose>
        <truncated>0</truncated>
        <occluded>0</occluded>
        <difficult>0</difficult>
        <bndbox>
            <xmin>178.48585510253906</xmin>
            <ymin>150.5097198486328</ymin>
            <xmax>214.41929626464844</xmax>
            <ymax>214.41929626464844</ymax>
        </bndbox>
    </object>
    </annotation>