
    <annotation>
        <folder>Images</folder>
        <filename>hard_hat_workers738.png</filename>
        <size>
            <width>416</width>
            <height>415</height>
            <depth>3</depth>
        </size>
        <segmented>0</segmented>
    
    <object>
        <name>helmet</name>
        <pose>Unspecified</pose>
        <truncated>0</truncated>
        <occluded>0</occluded>
        <difficult>0</difficult>
        <bndbox>
            <xmin>294.3102111816406</xmin>
            <ymin>60.02565383911133</ymin>
            <xmax>318.6472473144531</xmax>
            <ymax>318.6472473144531</ymax>
        </bndbox>
    </object>
    
    <object>
        <name>helmet</name>
        <pose>Unspecified</pose>
        <truncated>0</truncated>
        <occluded>0</occluded>
        <difficult>0</difficult>
        <bndbox>
            <xmin>294.3102111816406</xmin>
            <ymin>60.02565383911133</ymin>
            <xmax>318.6472473144531</xmax>
            <ymax>318.6472473144531</ymax>
        </bndbox>
    </object>
    
    <object>
        <name>helmet</name>
        <pose>Unspecified</pose>
        <truncated>0</truncated>
        <occluded>0</occluded>
        <difficult>0</difficult>
        <bndbox>
            <xmin>294.3102111816406</xmin>
            <ymin>60.02565383911133</ymin>
            <xmax>318.6472473144531</xmax>
            <ymax>318.6472473144531</ymax>
        </bndbox>
    </object>
    </annotation>