
    <annotation>
        <folder>Images</folder>
        <filename>hard_hat_workers4906.png</filename>
        <size>
            <width>416</width>
            <height>415</height>
            <depth>3</depth>
        </size>
        <segmented>0</segmented>
    
    <object>
        <name>helmet</name>
        <pose>Unspecified</pose>
        <truncated>0</truncated>
        <occluded>0</occluded>
        <difficult>0</difficult>
        <bndbox>
            <xmin>180.93081665039062</xmin>
            <ymin>190.2719268798828</ymin>
            <xmax>198.7416229248047</xmax>
            <ymax>198.7416229248047</ymax>
        </bndbox>
    </object>
    </annotation>