
    <annotation>
        <folder>Images</folder>
        <filename>hard_hat_workers1123.png</filename>
        <size>
            <width>416</width>
            <height>415</height>
            <depth>3</depth>
        </size>
        <segmented>0</segmented>
    
    <object>
        <name>helmet</name>
        <pose>Unspecified</pose>
        <truncated>0</truncated>
        <occluded>0</occluded>
        <difficult>0</difficult>
        <bndbox>
            <xmin>31.74981689453125</xmin>
            <ymin>0.47928953170776367</ymin>
            <xmax>71.126708984375</xmax>
            <ymax>71.126708984375</ymax>
        </bndbox>
    </object>
    </annotation>