
    <annotation>
        <folder>Images</folder>
        <filename>hard_hat_workers4588.png</filename>
        <size>
            <width>416</width>
            <height>415</height>
            <depth>3</depth>
        </size>
        <segmented>0</segmented>
    
    <object>
        <name>helmet</name>
        <pose>Unspecified</pose>
        <truncated>0</truncated>
        <occluded>0</occluded>
        <difficult>0</difficult>
        <bndbox>
            <xmin>157.2909393310547</xmin>
            <ymin>154.1631622314453</ymin>
            <xmax>184.3987579345703</xmax>
            <ymax>184.3987579345703</ymax>
        </bndbox>
    </object>
    
    <object>
        <name>helmet</name>
        <pose>Unspecified</pose>
        <truncated>0</truncated>
        <occluded>0</occluded>
        <difficult>0</difficult>
        <bndbox>
            <xmin>157.2909393310547</xmin>
            <ymin>154.1631622314453</ymin>
            <xmax>184.3987579345703</xmax>
            <ymax>184.3987579345703</ymax>
        </bndbox>
    </object>
    
    <object>
        <name>helmet</name>
        <pose>Unspecified</pose>
        <truncated>0</truncated>
        <occluded>0</occluded>
        <difficult>0</difficult>
        <bndbox>
            <xmin>157.2909393310547</xmin>
            <ymin>154.1631622314453</ymin>
            <xmax>184.3987579345703</xmax>
            <ymax>184.3987579345703</ymax>
        </bndbox>
    </object>
    
    <object>
        <name>helmet</name>
        <pose>Unspecified</pose>
        <truncated>0</truncated>
        <occluded>0</occluded>
        <difficult>0</difficult>
        <bndbox>
            <xmin>157.2909393310547</xmin>
            <ymin>154.1631622314453</ymin>
            <xmax>184.3987579345703</xmax>
            <ymax>184.3987579345703</ymax>
        </bndbox>
    </object>
    
    <object>
        <name>helmet</name>
        <pose>Unspecified</pose>
        <truncated>0</truncated>
        <occluded>0</occluded>
        <difficult>0</difficult>
        <bndbox>
            <xmin>157.2909393310547</xmin>
            <ymin>154.1631622314453</ymin>
            <xmax>184.3987579345703</xmax>
            <ymax>184.3987579345703</ymax>
        </bndbox>
    </object>
    
    <object>
        <name>helmet</name>
        <pose>Unspecified</pose>
        <truncated>0</truncated>
        <occluded>0</occluded>
        <difficult>0</difficult>
        <bndbox>
            <xmin>157.2909393310547</xmin>
            <ymin>154.1631622314453</ymin>
            <xmax>184.3987579345703</xmax>
            <ymax>184.3987579345703</ymax>
        </bndbox>
    </object>
    </annotation>