
    <annotation>
        <folder>Images</folder>
        <filename>hard_hat_workers3908.png</filename>
        <size>
            <width>416</width>
            <height>415</height>
            <depth>3</depth>
        </size>
        <segmented>0</segmented>
    
    <object>
        <name>helmet</name>
        <pose>Unspecified</pose>
        <truncated>0</truncated>
        <occluded>0</occluded>
        <difficult>0</difficult>
        <bndbox>
            <xmin>332.29681396484375</xmin>
            <ymin>16.979381561279297</ymin>
            <xmax>365.3378601074219</xmax>
            <ymax>365.3378601074219</ymax>
        </bndbox>
    </object>
    
    <object>
        <name>helmet</name>
        <pose>Unspecified</pose>
        <truncated>0</truncated>
        <occluded>0</occluded>
        <difficult>0</difficult>
        <bndbox>
            <xmin>332.29681396484375</xmin>
            <ymin>16.979381561279297</ymin>
            <xmax>365.3378601074219</xmax>
            <ymax>365.3378601074219</ymax>
        </bndbox>
    </object>
    
    <object>
        <name>helmet</name>
        <pose>Unspecified</pose>
        <truncated>0</truncated>
        <occluded>0</occluded>
        <difficult>0</difficult>
        <bndbox>
            <xmin>332.29681396484375</xmin>
            <ymin>16.979381561279297</ymin>
            <xmax>365.3378601074219</xmax>
            <ymax>365.3378601074219</ymax>
        </bndbox>
    </object>
    
    <object>
        <name>helmet</name>
        <pose>Unspecified</pose>
        <truncated>0</truncated>
        <occluded>0</occluded>
        <difficult>0</difficult>
        <bndbox>
            <xmin>332.29681396484375</xmin>
            <ymin>16.979381561279297</ymin>
            <xmax>365.3378601074219</xmax>
            <ymax>365.3378601074219</ymax>
        </bndbox>
    </object>
    </annotation>