
    <annotation>
        <folder>Images</folder>
        <filename>hard_hat_workers119.png</filename>
        <size>
            <width>416</width>
            <height>415</height>
            <depth>3</depth>
        </size>
        <segmented>0</segmented>
    
    <object>
        <name>helmet</name>
        <pose>Unspecified</pose>
        <truncated>0</truncated>
        <occluded>0</occluded>
        <difficult>0</difficult>
        <bndbox>
            <xmin>99.9509048461914</xmin>
            <ymin>0.41300487518310547</ymin>
            <xmax>125.20299530029297</xmax>
            <ymax>125.20299530029297</ymax>
        </bndbox>
    </object>
    
    <object>
        <name>helmet</name>
        <pose>Unspecified</pose>
        <truncated>0</truncated>
        <occluded>0</occluded>
        <difficult>0</difficult>
        <bndbox>
            <xmin>99.9509048461914</xmin>
            <ymin>0.41300487518310547</ymin>
            <xmax>125.20299530029297</xmax>
            <ymax>125.20299530029297</ymax>
        </bndbox>
    </object>
    </annotation>