
    <annotation>
        <folder>Images</folder>
        <filename>hard_hat_workers3890.png</filename>
        <size>
            <width>416</width>
            <height>415</height>
            <depth>3</depth>
        </size>
        <segmented>0</segmented>
    
    <object>
        <name>helmet</name>
        <pose>Unspecified</pose>
        <truncated>0</truncated>
        <occluded>0</occluded>
        <difficult>0</difficult>
        <bndbox>
            <xmin>63.24778747558594</xmin>
            <ymin>0.0</ymin>
            <xmax>137.13101196289062</xmax>
            <ymax>137.13101196289062</ymax>
        </bndbox>
    </object>
    
    <object>
        <name>helmet</name>
        <pose>Unspecified</pose>
        <truncated>0</truncated>
        <occluded>0</occluded>
        <difficult>0</difficult>
        <bndbox>
            <xmin>63.24778747558594</xmin>
            <ymin>0.0</ymin>
            <xmax>137.13101196289062</xmax>
            <ymax>137.13101196289062</ymax>
        </bndbox>
    </object>
    
    <object>
        <name>helmet</name>
        <pose>Unspecified</pose>
        <truncated>0</truncated>
        <occluded>0</occluded>
        <difficult>0</difficult>
        <bndbox>
            <xmin>63.24778747558594</xmin>
            <ymin>0.0</ymin>
            <xmax>137.13101196289062</xmax>
            <ymax>137.13101196289062</ymax>
        </bndbox>
    </object>
    </annotation>