
    <annotation>
        <folder>Images</folder>
        <filename>hard_hat_workers4833.png</filename>
        <size>
            <width>416</width>
            <height>415</height>
            <depth>3</depth>
        </size>
        <segmented>0</segmented>
    
    <object>
        <name>helmet</name>
        <pose>Unspecified</pose>
        <truncated>0</truncated>
        <occluded>0</occluded>
        <difficult>0</difficult>
        <bndbox>
            <xmin>155.44680786132812</xmin>
            <ymin>3.1593360900878906</ymin>
            <xmax>181.9938507080078</xmax>
            <ymax>181.9938507080078</ymax>
        </bndbox>
    </object>
    
    <object>
        <name>helmet</name>
        <pose>Unspecified</pose>
        <truncated>0</truncated>
        <occluded>0</occluded>
        <difficult>0</difficult>
        <bndbox>
            <xmin>155.44680786132812</xmin>
            <ymin>3.1593360900878906</ymin>
            <xmax>181.9938507080078</xmax>
            <ymax>181.9938507080078</ymax>
        </bndbox>
    </object>
    </annotation>