
    <annotation>
        <folder>Images</folder>
        <filename>hard_hat_workers4331.png</filename>
        <size>
            <width>416</width>
            <height>415</height>
            <depth>3</depth>
        </size>
        <segmented>0</segmented>
    
    <object>
        <name>helmet</name>
        <pose>Unspecified</pose>
        <truncated>0</truncated>
        <occluded>0</occluded>
        <difficult>0</difficult>
        <bndbox>
            <xmin>199.83839416503906</xmin>
            <ymin>0.404266357421875</ymin>
            <xmax>236.45631408691406</xmax>
            <ymax>236.45631408691406</ymax>
        </bndbox>
    </object>
    
    <object>
        <name>helmet</name>
        <pose>Unspecified</pose>
        <truncated>0</truncated>
        <occluded>0</occluded>
        <difficult>0</difficult>
        <bndbox>
            <xmin>199.83839416503906</xmin>
            <ymin>0.404266357421875</ymin>
            <xmax>236.45631408691406</xmax>
            <ymax>236.45631408691406</ymax>
        </bndbox>
    </object>
    
    <object>
        <name>helmet</name>
        <pose>Unspecified</pose>
        <truncated>0</truncated>
        <occluded>0</occluded>
        <difficult>0</difficult>
        <bndbox>
            <xmin>199.83839416503906</xmin>
            <ymin>0.404266357421875</ymin>
            <xmax>236.45631408691406</xmax>
            <ymax>236.45631408691406</ymax>
        </bndbox>
    </object>
    
    <object>
        <name>helmet</name>
        <pose>Unspecified</pose>
        <truncated>0</truncated>
        <occluded>0</occluded>
        <difficult>0</difficult>
        <bndbox>
            <xmin>199.83839416503906</xmin>
            <ymin>0.404266357421875</ymin>
            <xmax>236.45631408691406</xmax>
            <ymax>236.45631408691406</ymax>
        </bndbox>
    </object>
    
    <object>
        <name>helmet</name>
        <pose>Unspecified</pose>
        <truncated>0</truncated>
        <occluded>0</occluded>
        <difficult>0</difficult>
        <bndbox>
            <xmin>199.83839416503906</xmin>
            <ymin>0.404266357421875</ymin>
            <xmax>236.45631408691406</xmax>
            <ymax>236.45631408691406</ymax>
        </bndbox>
    </object>
    
    <object>
        <name>helmet</name>
        <pose>Unspecified</pose>
        <truncated>0</truncated>
        <occluded>0</occluded>
        <difficult>0</difficult>
        <bndbox>
            <xmin>199.83839416503906</xmin>
            <ymin>0.404266357421875</ymin>
            <xmax>236.45631408691406</xmax>
            <ymax>236.45631408691406</ymax>
        </bndbox>
    </object>
    
    <object>
        <name>helmet</name>
        <pose>Unspecified</pose>
        <truncated>0</truncated>
        <occluded>0</occluded>
        <difficult>0</difficult>
        <bndbox>
            <xmin>199.83839416503906</xmin>
            <ymin>0.404266357421875</ymin>
            <xmax>236.45631408691406</xmax>
            <ymax>236.45631408691406</ymax>
        </bndbox>
    </object>
    </annotation>