
    <annotation>
        <folder>Images</folder>
        <filename>hard_hat_workers3558.png</filename>
        <size>
            <width>416</width>
            <height>415</height>
            <depth>3</depth>
        </size>
        <segmented>0</segmented>
    
    <object>
        <name>helmet</name>
        <pose>Unspecified</pose>
        <truncated>0</truncated>
        <occluded>0</occluded>
        <difficult>0</difficult>
        <bndbox>
            <xmin>233.33322143554688</xmin>
            <ymin>136.50018310546875</ymin>
            <xmax>247.41929626464844</xmax>
            <ymax>247.41929626464844</ymax>
        </bndbox>
    </object>
    
    <object>
        <name>helmet</name>
        <pose>Unspecified</pose>
        <truncated>0</truncated>
        <occluded>0</occluded>
        <difficult>0</difficult>
        <bndbox>
            <xmin>233.33322143554688</xmin>
            <ymin>136.50018310546875</ymin>
            <xmax>247.41929626464844</xmax>
            <ymax>247.41929626464844</ymax>
        </bndbox>
    </object>
    </annotation>