
    <annotation>
        <folder>Images</folder>
        <filename>hard_hat_workers292.png</filename>
        <size>
            <width>416</width>
            <height>415</height>
            <depth>3</depth>
        </size>
        <segmented>0</segmented>
    
    <object>
        <name>helmet</name>
        <pose>Unspecified</pose>
        <truncated>0</truncated>
        <occluded>0</occluded>
        <difficult>0</difficult>
        <bndbox>
            <xmin>257.27777099609375</xmin>
            <ymin>403.3809509277344</ymin>
            <xmax>278.9013671875</xmax>
            <ymax>278.9013671875</ymax>
        </bndbox>
    </object>
    
    <object>
        <name>helmet</name>
        <pose>Unspecified</pose>
        <truncated>0</truncated>
        <occluded>0</occluded>
        <difficult>0</difficult>
        <bndbox>
            <xmin>257.27777099609375</xmin>
            <ymin>403.3809509277344</ymin>
            <xmax>278.9013671875</xmax>
            <ymax>278.9013671875</ymax>
        </bndbox>
    </object>
    
    <object>
        <name>helmet</name>
        <pose>Unspecified</pose>
        <truncated>0</truncated>
        <occluded>0</occluded>
        <difficult>0</difficult>
        <bndbox>
            <xmin>257.27777099609375</xmin>
            <ymin>403.3809509277344</ymin>
            <xmax>278.9013671875</xmax>
            <ymax>278.9013671875</ymax>
        </bndbox>
    </object>
    
    <object>
        <name>helmet</name>
        <pose>Unspecified</pose>
        <truncated>0</truncated>
        <occluded>0</occluded>
        <difficult>0</difficult>
        <bndbox>
            <xmin>257.27777099609375</xmin>
            <ymin>403.3809509277344</ymin>
            <xmax>278.9013671875</xmax>
            <ymax>278.9013671875</ymax>
        </bndbox>
    </object>
    
    <object>
        <name>helmet</name>
        <pose>Unspecified</pose>
        <truncated>0</truncated>
        <occluded>0</occluded>
        <difficult>0</difficult>
        <bndbox>
            <xmin>257.27777099609375</xmin>
            <ymin>403.3809509277344</ymin>
            <xmax>278.9013671875</xmax>
            <ymax>278.9013671875</ymax>
        </bndbox>
    </object>
    </annotation>