
    <annotation>
        <folder>Images</folder>
        <filename>hard_hat_workers1832.png</filename>
        <size>
            <width>416</width>
            <height>415</height>
            <depth>3</depth>
        </size>
        <segmented>0</segmented>
    
    <object>
        <name>helmet</name>
        <pose>Unspecified</pose>
        <truncated>0</truncated>
        <occluded>0</occluded>
        <difficult>0</difficult>
        <bndbox>
            <xmin>320.50775146484375</xmin>
            <ymin>314.2131042480469</ymin>
            <xmax>328.9173889160156</xmax>
            <ymax>328.9173889160156</ymax>
        </bndbox>
    </object>
    
    <object>
        <name>helmet</name>
        <pose>Unspecified</pose>
        <truncated>0</truncated>
        <occluded>0</occluded>
        <difficult>0</difficult>
        <bndbox>
            <xmin>320.50775146484375</xmin>
            <ymin>314.2131042480469</ymin>
            <xmax>328.9173889160156</xmax>
            <ymax>328.9173889160156</ymax>
        </bndbox>
    </object>
    
    <object>
        <name>helmet</name>
        <pose>Unspecified</pose>
        <truncated>0</truncated>
        <occluded>0</occluded>
        <difficult>0</difficult>
        <bndbox>
            <xmin>320.50775146484375</xmin>
            <ymin>314.2131042480469</ymin>
            <xmax>328.9173889160156</xmax>
            <ymax>328.9173889160156</ymax>
        </bndbox>
    </object>
    
    <object>
        <name>helmet</name>
        <pose>Unspecified</pose>
        <truncated>0</truncated>
        <occluded>0</occluded>
        <difficult>0</difficult>
        <bndbox>
            <xmin>320.50775146484375</xmin>
            <ymin>314.2131042480469</ymin>
            <xmax>328.9173889160156</xmax>
            <ymax>328.9173889160156</ymax>
        </bndbox>
    </object>
    
    <object>
        <name>helmet</name>
        <pose>Unspecified</pose>
        <truncated>0</truncated>
        <occluded>0</occluded>
        <difficult>0</difficult>
        <bndbox>
            <xmin>320.50775146484375</xmin>
            <ymin>314.2131042480469</ymin>
            <xmax>328.9173889160156</xmax>
            <ymax>328.9173889160156</ymax>
        </bndbox>
    </object>
    </annotation>