
    <annotation>
        <folder>Images</folder>
        <filename>hard_hat_workers1294.png</filename>
        <size>
            <width>416</width>
            <height>415</height>
            <depth>3</depth>
        </size>
        <segmented>0</segmented>
    
    <object>
        <name>helmet</name>
        <pose>Unspecified</pose>
        <truncated>0</truncated>
        <occluded>0</occluded>
        <difficult>0</difficult>
        <bndbox>
            <xmin>57.76025390625</xmin>
            <ymin>173.72669982910156</ymin>
            <xmax>92.94316101074219</xmax>
            <ymax>92.94316101074219</ymax>
        </bndbox>
    </object>
    
    <object>
        <name>helmet</name>
        <pose>Unspecified</pose>
        <truncated>0</truncated>
        <occluded>0</occluded>
        <difficult>0</difficult>
        <bndbox>
            <xmin>57.76025390625</xmin>
            <ymin>173.72669982910156</ymin>
            <xmax>92.94316101074219</xmax>
            <ymax>92.94316101074219</ymax>
        </bndbox>
    </object>
    
    <object>
        <name>helmet</name>
        <pose>Unspecified</pose>
        <truncated>0</truncated>
        <occluded>0</occluded>
        <difficult>0</difficult>
        <bndbox>
            <xmin>57.76025390625</xmin>
            <ymin>173.72669982910156</ymin>
            <xmax>92.94316101074219</xmax>
            <ymax>92.94316101074219</ymax>
        </bndbox>
    </object>
    
    <object>
        <name>helmet</name>
        <pose>Unspecified</pose>
        <truncated>0</truncated>
        <occluded>0</occluded>
        <difficult>0</difficult>
        <bndbox>
            <xmin>57.76025390625</xmin>
            <ymin>173.72669982910156</ymin>
            <xmax>92.94316101074219</xmax>
            <ymax>92.94316101074219</ymax>
        </bndbox>
    </object>
    
    <object>
        <name>helmet</name>
        <pose>Unspecified</pose>
        <truncated>0</truncated>
        <occluded>0</occluded>
        <difficult>0</difficult>
        <bndbox>
            <xmin>57.76025390625</xmin>
            <ymin>173.72669982910156</ymin>
            <xmax>92.94316101074219</xmax>
            <ymax>92.94316101074219</ymax>
        </bndbox>
    </object>
    </annotation>