
    <annotation>
        <folder>Images</folder>
        <filename>hard_hat_workers4073.png</filename>
        <size>
            <width>416</width>
            <height>415</height>
            <depth>3</depth>
        </size>
        <segmented>0</segmented>
    
    <object>
        <name>helmet</name>
        <pose>Unspecified</pose>
        <truncated>0</truncated>
        <occluded>0</occluded>
        <difficult>0</difficult>
        <bndbox>
            <xmin>302.7366943359375</xmin>
            <ymin>1.226266860961914</ymin>
            <xmax>392.5981750488281</xmax>
            <ymax>392.5981750488281</ymax>
        </bndbox>
    </object>
    
    <object>
        <name>helmet</name>
        <pose>Unspecified</pose>
        <truncated>0</truncated>
        <occluded>0</occluded>
        <difficult>0</difficult>
        <bndbox>
            <xmin>302.7366943359375</xmin>
            <ymin>1.226266860961914</ymin>
            <xmax>392.5981750488281</xmax>
            <ymax>392.5981750488281</ymax>
        </bndbox>
    </object>
    
    <object>
        <name>helmet</name>
        <pose>Unspecified</pose>
        <truncated>0</truncated>
        <occluded>0</occluded>
        <difficult>0</difficult>
        <bndbox>
            <xmin>302.7366943359375</xmin>
            <ymin>1.226266860961914</ymin>
            <xmax>392.5981750488281</xmax>
            <ymax>392.5981750488281</ymax>
        </bndbox>
    </object>
    
    <object>
        <name>helmet</name>
        <pose>Unspecified</pose>
        <truncated>0</truncated>
        <occluded>0</occluded>
        <difficult>0</difficult>
        <bndbox>
            <xmin>302.7366943359375</xmin>
            <ymin>1.226266860961914</ymin>
            <xmax>392.5981750488281</xmax>
            <ymax>392.5981750488281</ymax>
        </bndbox>
    </object>
    
    <object>
        <name>helmet</name>
        <pose>Unspecified</pose>
        <truncated>0</truncated>
        <occluded>0</occluded>
        <difficult>0</difficult>
        <bndbox>
            <xmin>302.7366943359375</xmin>
            <ymin>1.226266860961914</ymin>
            <xmax>392.5981750488281</xmax>
            <ymax>392.5981750488281</ymax>
        </bndbox>
    </object>
    
    <object>
        <name>helmet</name>
        <pose>Unspecified</pose>
        <truncated>0</truncated>
        <occluded>0</occluded>
        <difficult>0</difficult>
        <bndbox>
            <xmin>302.7366943359375</xmin>
            <ymin>1.226266860961914</ymin>
            <xmax>392.5981750488281</xmax>
            <ymax>392.5981750488281</ymax>
        </bndbox>
    </object>
    </annotation>