
    <annotation>
        <folder>Images</folder>
        <filename>hard_hat_workers452.png</filename>
        <size>
            <width>416</width>
            <height>415</height>
            <depth>3</depth>
        </size>
        <segmented>0</segmented>
    
    <object>
        <name>helmet</name>
        <pose>Unspecified</pose>
        <truncated>0</truncated>
        <occluded>0</occluded>
        <difficult>0</difficult>
        <bndbox>
            <xmin>153.55670166015625</xmin>
            <ymin>144.67086791992188</ymin>
            <xmax>207.14064025878906</xmax>
            <ymax>207.14064025878906</ymax>
        </bndbox>
    </object>
    
    <object>
        <name>helmet</name>
        <pose>Unspecified</pose>
        <truncated>0</truncated>
        <occluded>0</occluded>
        <difficult>0</difficult>
        <bndbox>
            <xmin>153.55670166015625</xmin>
            <ymin>144.67086791992188</ymin>
            <xmax>207.14064025878906</xmax>
            <ymax>207.14064025878906</ymax>
        </bndbox>
    </object>
    </annotation>