
    <annotation>
        <folder>Images</folder>
        <filename>hard_hat_workers412.png</filename>
        <size>
            <width>416</width>
            <height>415</height>
            <depth>3</depth>
        </size>
        <segmented>0</segmented>
    
    <object>
        <name>helmet</name>
        <pose>Unspecified</pose>
        <truncated>0</truncated>
        <occluded>0</occluded>
        <difficult>0</difficult>
        <bndbox>
            <xmin>186.27716064453125</xmin>
            <ymin>100.60612487792969</ymin>
            <xmax>237.2738800048828</xmax>
            <ymax>237.2738800048828</ymax>
        </bndbox>
    </object>
    
    <object>
        <name>helmet</name>
        <pose>Unspecified</pose>
        <truncated>0</truncated>
        <occluded>0</occluded>
        <difficult>0</difficult>
        <bndbox>
            <xmin>186.27716064453125</xmin>
            <ymin>100.60612487792969</ymin>
            <xmax>237.2738800048828</xmax>
            <ymax>237.2738800048828</ymax>
        </bndbox>
    </object>
    
    <object>
        <name>helmet</name>
        <pose>Unspecified</pose>
        <truncated>0</truncated>
        <occluded>0</occluded>
        <difficult>0</difficult>
        <bndbox>
            <xmin>186.27716064453125</xmin>
            <ymin>100.60612487792969</ymin>
            <xmax>237.2738800048828</xmax>
            <ymax>237.2738800048828</ymax>
        </bndbox>
    </object>
    
    <object>
        <name>helmet</name>
        <pose>Unspecified</pose>
        <truncated>0</truncated>
        <occluded>0</occluded>
        <difficult>0</difficult>
        <bndbox>
            <xmin>186.27716064453125</xmin>
            <ymin>100.60612487792969</ymin>
            <xmax>237.2738800048828</xmax>
            <ymax>237.2738800048828</ymax>
        </bndbox>
    </object>
    
    <object>
        <name>helmet</name>
        <pose>Unspecified</pose>
        <truncated>0</truncated>
        <occluded>0</occluded>
        <difficult>0</difficult>
        <bndbox>
            <xmin>186.27716064453125</xmin>
            <ymin>100.60612487792969</ymin>
            <xmax>237.2738800048828</xmax>
            <ymax>237.2738800048828</ymax>
        </bndbox>
    </object>
    </annotation>