
    <annotation>
        <folder>Images</folder>
        <filename>hard_hat_workers1188.png</filename>
        <size>
            <width>416</width>
            <height>415</height>
            <depth>3</depth>
        </size>
        <segmented>0</segmented>
    
    <object>
        <name>helmet</name>
        <pose>Unspecified</pose>
        <truncated>0</truncated>
        <occluded>0</occluded>
        <difficult>0</difficult>
        <bndbox>
            <xmin>170.9935302734375</xmin>
            <ymin>135.84193420410156</ymin>
            <xmax>244.9186553955078</xmax>
            <ymax>244.9186553955078</ymax>
        </bndbox>
    </object>
    
    <object>
        <name>helmet</name>
        <pose>Unspecified</pose>
        <truncated>0</truncated>
        <occluded>0</occluded>
        <difficult>0</difficult>
        <bndbox>
            <xmin>170.9935302734375</xmin>
            <ymin>135.84193420410156</ymin>
            <xmax>244.9186553955078</xmax>
            <ymax>244.9186553955078</ymax>
        </bndbox>
    </object>
    
    <object>
        <name>helmet</name>
        <pose>Unspecified</pose>
        <truncated>0</truncated>
        <occluded>0</occluded>
        <difficult>0</difficult>
        <bndbox>
            <xmin>170.9935302734375</xmin>
            <ymin>135.84193420410156</ymin>
            <xmax>244.9186553955078</xmax>
            <ymax>244.9186553955078</ymax>
        </bndbox>
    </object>
    
    <object>
        <name>helmet</name>
        <pose>Unspecified</pose>
        <truncated>0</truncated>
        <occluded>0</occluded>
        <difficult>0</difficult>
        <bndbox>
            <xmin>170.9935302734375</xmin>
            <ymin>135.84193420410156</ymin>
            <xmax>244.9186553955078</xmax>
            <ymax>244.9186553955078</ymax>
        </bndbox>
    </object>
    
    <object>
        <name>helmet</name>
        <pose>Unspecified</pose>
        <truncated>0</truncated>
        <occluded>0</occluded>
        <difficult>0</difficult>
        <bndbox>
            <xmin>170.9935302734375</xmin>
            <ymin>135.84193420410156</ymin>
            <xmax>244.9186553955078</xmax>
            <ymax>244.9186553955078</ymax>
        </bndbox>
    </object>
    </annotation>