
    <annotation>
        <folder>Images</folder>
        <filename>hard_hat_workers410.png</filename>
        <size>
            <width>416</width>
            <height>415</height>
            <depth>3</depth>
        </size>
        <segmented>0</segmented>
    
    <object>
        <name>helmet</name>
        <pose>Unspecified</pose>
        <truncated>0</truncated>
        <occluded>0</occluded>
        <difficult>0</difficult>
        <bndbox>
            <xmin>129.23587036132812</xmin>
            <ymin>151.0181427001953</ymin>
            <xmax>152.92189025878906</xmax>
            <ymax>152.92189025878906</ymax>
        </bndbox>
    </object>
    
    <object>
        <name>helmet</name>
        <pose>Unspecified</pose>
        <truncated>0</truncated>
        <occluded>0</occluded>
        <difficult>0</difficult>
        <bndbox>
            <xmin>129.23587036132812</xmin>
            <ymin>151.0181427001953</ymin>
            <xmax>152.92189025878906</xmax>
            <ymax>152.92189025878906</ymax>
        </bndbox>
    </object>
    </annotation>