
    <annotation>
        <folder>Images</folder>
        <filename>hard_hat_workers4964.png</filename>
        <size>
            <width>416</width>
            <height>415</height>
            <depth>3</depth>
        </size>
        <segmented>0</segmented>
    
    <object>
        <name>helmet</name>
        <pose>Unspecified</pose>
        <truncated>0</truncated>
        <occluded>0</occluded>
        <difficult>0</difficult>
        <bndbox>
            <xmin>261.14337158203125</xmin>
            <ymin>144.5590362548828</ymin>
            <xmax>290.0892028808594</xmax>
            <ymax>290.0892028808594</ymax>
        </bndbox>
    </object>
    
    <object>
        <name>helmet</name>
        <pose>Unspecified</pose>
        <truncated>0</truncated>
        <occluded>0</occluded>
        <difficult>0</difficult>
        <bndbox>
            <xmin>261.14337158203125</xmin>
            <ymin>144.5590362548828</ymin>
            <xmax>290.0892028808594</xmax>
            <ymax>290.0892028808594</ymax>
        </bndbox>
    </object>
    
    <object>
        <name>helmet</name>
        <pose>Unspecified</pose>
        <truncated>0</truncated>
        <occluded>0</occluded>
        <difficult>0</difficult>
        <bndbox>
            <xmin>261.14337158203125</xmin>
            <ymin>144.5590362548828</ymin>
            <xmax>290.0892028808594</xmax>
            <ymax>290.0892028808594</ymax>
        </bndbox>
    </object>
    
    <object>
        <name>helmet</name>
        <pose>Unspecified</pose>
        <truncated>0</truncated>
        <occluded>0</occluded>
        <difficult>0</difficult>
        <bndbox>
            <xmin>261.14337158203125</xmin>
            <ymin>144.5590362548828</ymin>
            <xmax>290.0892028808594</xmax>
            <ymax>290.0892028808594</ymax>
        </bndbox>
    </object>
    
    <object>
        <name>helmet</name>
        <pose>Unspecified</pose>
        <truncated>0</truncated>
        <occluded>0</occluded>
        <difficult>0</difficult>
        <bndbox>
            <xmin>261.14337158203125</xmin>
            <ymin>144.5590362548828</ymin>
            <xmax>290.0892028808594</xmax>
            <ymax>290.0892028808594</ymax>
        </bndbox>
    </object>
    
    <object>
        <name>helmet</name>
        <pose>Unspecified</pose>
        <truncated>0</truncated>
        <occluded>0</occluded>
        <difficult>0</difficult>
        <bndbox>
            <xmin>261.14337158203125</xmin>
            <ymin>144.5590362548828</ymin>
            <xmax>290.0892028808594</xmax>
            <ymax>290.0892028808594</ymax>
        </bndbox>
    </object>
    
    <object>
        <name>helmet</name>
        <pose>Unspecified</pose>
        <truncated>0</truncated>
        <occluded>0</occluded>
        <difficult>0</difficult>
        <bndbox>
            <xmin>261.14337158203125</xmin>
            <ymin>144.5590362548828</ymin>
            <xmax>290.0892028808594</xmax>
            <ymax>290.0892028808594</ymax>
        </bndbox>
    </object>
    
    <object>
        <name>helmet</name>
        <pose>Unspecified</pose>
        <truncated>0</truncated>
        <occluded>0</occluded>
        <difficult>0</difficult>
        <bndbox>
            <xmin>261.14337158203125</xmin>
            <ymin>144.5590362548828</ymin>
            <xmax>290.0892028808594</xmax>
            <ymax>290.0892028808594</ymax>
        </bndbox>
    </object>
    </annotation>