
    <annotation>
        <folder>Images</folder>
        <filename>hard_hat_workers438.png</filename>
        <size>
            <width>416</width>
            <height>415</height>
            <depth>3</depth>
        </size>
        <segmented>0</segmented>
    
    <object>
        <name>helmet</name>
        <pose>Unspecified</pose>
        <truncated>0</truncated>
        <occluded>0</occluded>
        <difficult>0</difficult>
        <bndbox>
            <xmin>302.3813781738281</xmin>
            <ymin>55.38062286376953</ymin>
            <xmax>316.8266296386719</xmax>
            <ymax>316.8266296386719</ymax>
        </bndbox>
    </object>
    
    <object>
        <name>helmet</name>
        <pose>Unspecified</pose>
        <truncated>0</truncated>
        <occluded>0</occluded>
        <difficult>0</difficult>
        <bndbox>
            <xmin>302.3813781738281</xmin>
            <ymin>55.38062286376953</ymin>
            <xmax>316.8266296386719</xmax>
            <ymax>316.8266296386719</ymax>
        </bndbox>
    </object>
    </annotation>