
    <annotation>
        <folder>Images</folder>
        <filename>hard_hat_workers3641.png</filename>
        <size>
            <width>416</width>
            <height>415</height>
            <depth>3</depth>
        </size>
        <segmented>0</segmented>
    
    <object>
        <name>helmet</name>
        <pose>Unspecified</pose>
        <truncated>0</truncated>
        <occluded>0</occluded>
        <difficult>0</difficult>
        <bndbox>
            <xmin>195.32672119140625</xmin>
            <ymin>364.85595703125</ymin>
            <xmax>278.71875</xmax>
            <ymax>278.71875</ymax>
        </bndbox>
    </object>
    
    <object>
        <name>helmet</name>
        <pose>Unspecified</pose>
        <truncated>0</truncated>
        <occluded>0</occluded>
        <difficult>0</difficult>
        <bndbox>
            <xmin>195.32672119140625</xmin>
            <ymin>364.85595703125</ymin>
            <xmax>278.71875</xmax>
            <ymax>278.71875</ymax>
        </bndbox>
    </object>
    
    <object>
        <name>helmet</name>
        <pose>Unspecified</pose>
        <truncated>0</truncated>
        <occluded>0</occluded>
        <difficult>0</difficult>
        <bndbox>
            <xmin>195.32672119140625</xmin>
            <ymin>364.85595703125</ymin>
            <xmax>278.71875</xmax>
            <ymax>278.71875</ymax>
        </bndbox>
    </object>
    </annotation>