
    <annotation>
        <folder>Images</folder>
        <filename>hard_hat_workers1574.png</filename>
        <size>
            <width>416</width>
            <height>415</height>
            <depth>3</depth>
        </size>
        <segmented>0</segmented>
    
    <object>
        <name>helmet</name>
        <pose>Unspecified</pose>
        <truncated>0</truncated>
        <occluded>0</occluded>
        <difficult>0</difficult>
        <bndbox>
            <xmin>216.0768280029297</xmin>
            <ymin>133.3953857421875</ymin>
            <xmax>269.30865478515625</xmax>
            <ymax>269.30865478515625</ymax>
        </bndbox>
    </object>
    
    <object>
        <name>helmet</name>
        <pose>Unspecified</pose>
        <truncated>0</truncated>
        <occluded>0</occluded>
        <difficult>0</difficult>
        <bndbox>
            <xmin>216.0768280029297</xmin>
            <ymin>133.3953857421875</ymin>
            <xmax>269.30865478515625</xmax>
            <ymax>269.30865478515625</ymax>
        </bndbox>
    </object>
    
    <object>
        <name>helmet</name>
        <pose>Unspecified</pose>
        <truncated>0</truncated>
        <occluded>0</occluded>
        <difficult>0</difficult>
        <bndbox>
            <xmin>216.0768280029297</xmin>
            <ymin>133.3953857421875</ymin>
            <xmax>269.30865478515625</xmax>
            <ymax>269.30865478515625</ymax>
        </bndbox>
    </object>
    
    <object>
        <name>helmet</name>
        <pose>Unspecified</pose>
        <truncated>0</truncated>
        <occluded>0</occluded>
        <difficult>0</difficult>
        <bndbox>
            <xmin>216.0768280029297</xmin>
            <ymin>133.3953857421875</ymin>
            <xmax>269.30865478515625</xmax>
            <ymax>269.30865478515625</ymax>
        </bndbox>
    </object>
    
    <object>
        <name>helmet</name>
        <pose>Unspecified</pose>
        <truncated>0</truncated>
        <occluded>0</occluded>
        <difficult>0</difficult>
        <bndbox>
            <xmin>216.0768280029297</xmin>
            <ymin>133.3953857421875</ymin>
            <xmax>269.30865478515625</xmax>
            <ymax>269.30865478515625</ymax>
        </bndbox>
    </object>
    </annotation>