
    <annotation>
        <folder>Images</folder>
        <filename>hard_hat_workers4238.png</filename>
        <size>
            <width>416</width>
            <height>415</height>
            <depth>3</depth>
        </size>
        <segmented>0</segmented>
    
    <object>
        <name>helmet</name>
        <pose>Unspecified</pose>
        <truncated>0</truncated>
        <occluded>0</occluded>
        <difficult>0</difficult>
        <bndbox>
            <xmin>186.64564514160156</xmin>
            <ymin>227.37728881835938</ymin>
            <xmax>203.53128051757812</xmax>
            <ymax>203.53128051757812</ymax>
        </bndbox>
    </object>
    </annotation>