
    <annotation>
        <folder>Images</folder>
        <filename>hard_hat_workers4453.png</filename>
        <size>
            <width>416</width>
            <height>415</height>
            <depth>3</depth>
        </size>
        <segmented>0</segmented>
    
    <object>
        <name>helmet</name>
        <pose>Unspecified</pose>
        <truncated>0</truncated>
        <occluded>0</occluded>
        <difficult>0</difficult>
        <bndbox>
            <xmin>143.27011108398438</xmin>
            <ymin>177.43051147460938</ymin>
            <xmax>171.0609893798828</xmax>
            <ymax>171.0609893798828</ymax>
        </bndbox>
    </object>
    
    <object>
        <name>helmet</name>
        <pose>Unspecified</pose>
        <truncated>0</truncated>
        <occluded>0</occluded>
        <difficult>0</difficult>
        <bndbox>
            <xmin>143.27011108398438</xmin>
            <ymin>177.43051147460938</ymin>
            <xmax>171.0609893798828</xmax>
            <ymax>171.0609893798828</ymax>
        </bndbox>
    </object>
    
    <object>
        <name>helmet</name>
        <pose>Unspecified</pose>
        <truncated>0</truncated>
        <occluded>0</occluded>
        <difficult>0</difficult>
        <bndbox>
            <xmin>143.27011108398438</xmin>
            <ymin>177.43051147460938</ymin>
            <xmax>171.0609893798828</xmax>
            <ymax>171.0609893798828</ymax>
        </bndbox>
    </object>
    
    <object>
        <name>helmet</name>
        <pose>Unspecified</pose>
        <truncated>0</truncated>
        <occluded>0</occluded>
        <difficult>0</difficult>
        <bndbox>
            <xmin>143.27011108398438</xmin>
            <ymin>177.43051147460938</ymin>
            <xmax>171.0609893798828</xmax>
            <ymax>171.0609893798828</ymax>
        </bndbox>
    </object>
    </annotation>