
    <annotation>
        <folder>Images</folder>
        <filename>hard_hat_workers3383.png</filename>
        <size>
            <width>416</width>
            <height>415</height>
            <depth>3</depth>
        </size>
        <segmented>0</segmented>
    
    <object>
        <name>helmet</name>
        <pose>Unspecified</pose>
        <truncated>0</truncated>
        <occluded>0</occluded>
        <difficult>0</difficult>
        <bndbox>
            <xmin>331.0294189453125</xmin>
            <ymin>0.5982694625854492</ymin>
            <xmax>360.6815490722656</xmax>
            <ymax>360.6815490722656</ymax>
        </bndbox>
    </object>
    
    <object>
        <name>helmet</name>
        <pose>Unspecified</pose>
        <truncated>0</truncated>
        <occluded>0</occluded>
        <difficult>0</difficult>
        <bndbox>
            <xmin>331.0294189453125</xmin>
            <ymin>0.5982694625854492</ymin>
            <xmax>360.6815490722656</xmax>
            <ymax>360.6815490722656</ymax>
        </bndbox>
    </object>
    
    <object>
        <name>helmet</name>
        <pose>Unspecified</pose>
        <truncated>0</truncated>
        <occluded>0</occluded>
        <difficult>0</difficult>
        <bndbox>
            <xmin>331.0294189453125</xmin>
            <ymin>0.5982694625854492</ymin>
            <xmax>360.6815490722656</xmax>
            <ymax>360.6815490722656</ymax>
        </bndbox>
    </object>
    
    <object>
        <name>helmet</name>
        <pose>Unspecified</pose>
        <truncated>0</truncated>
        <occluded>0</occluded>
        <difficult>0</difficult>
        <bndbox>
            <xmin>331.0294189453125</xmin>
            <ymin>0.5982694625854492</ymin>
            <xmax>360.6815490722656</xmax>
            <ymax>360.6815490722656</ymax>
        </bndbox>
    </object>
    
    <object>
        <name>helmet</name>
        <pose>Unspecified</pose>
        <truncated>0</truncated>
        <occluded>0</occluded>
        <difficult>0</difficult>
        <bndbox>
            <xmin>331.0294189453125</xmin>
            <ymin>0.5982694625854492</ymin>
            <xmax>360.6815490722656</xmax>
            <ymax>360.6815490722656</ymax>
        </bndbox>
    </object>
    
    <object>
        <name>helmet</name>
        <pose>Unspecified</pose>
        <truncated>0</truncated>
        <occluded>0</occluded>
        <difficult>0</difficult>
        <bndbox>
            <xmin>331.0294189453125</xmin>
            <ymin>0.5982694625854492</ymin>
            <xmax>360.6815490722656</xmax>
            <ymax>360.6815490722656</ymax>
        </bndbox>
    </object>
    
    <object>
        <name>helmet</name>
        <pose>Unspecified</pose>
        <truncated>0</truncated>
        <occluded>0</occluded>
        <difficult>0</difficult>
        <bndbox>
            <xmin>331.0294189453125</xmin>
            <ymin>0.5982694625854492</ymin>
            <xmax>360.6815490722656</xmax>
            <ymax>360.6815490722656</ymax>
        </bndbox>
    </object>
    </annotation>