
    <annotation>
        <folder>Images</folder>
        <filename>hard_hat_workers3923.png</filename>
        <size>
            <width>416</width>
            <height>415</height>
            <depth>3</depth>
        </size>
        <segmented>0</segmented>
    
    <object>
        <name>helmet</name>
        <pose>Unspecified</pose>
        <truncated>0</truncated>
        <occluded>0</occluded>
        <difficult>0</difficult>
        <bndbox>
            <xmin>260.07568359375</xmin>
            <ymin>1.6766681671142578</ymin>
            <xmax>311.1679992675781</xmax>
            <ymax>311.1679992675781</ymax>
        </bndbox>
    </object>
    
    <object>
        <name>helmet</name>
        <pose>Unspecified</pose>
        <truncated>0</truncated>
        <occluded>0</occluded>
        <difficult>0</difficult>
        <bndbox>
            <xmin>260.07568359375</xmin>
            <ymin>1.6766681671142578</ymin>
            <xmax>311.1679992675781</xmax>
            <ymax>311.1679992675781</ymax>
        </bndbox>
    </object>
    
    <object>
        <name>helmet</name>
        <pose>Unspecified</pose>
        <truncated>0</truncated>
        <occluded>0</occluded>
        <difficult>0</difficult>
        <bndbox>
            <xmin>260.07568359375</xmin>
            <ymin>1.6766681671142578</ymin>
            <xmax>311.1679992675781</xmax>
            <ymax>311.1679992675781</ymax>
        </bndbox>
    </object>
    
    <object>
        <name>helmet</name>
        <pose>Unspecified</pose>
        <truncated>0</truncated>
        <occluded>0</occluded>
        <difficult>0</difficult>
        <bndbox>
            <xmin>260.07568359375</xmin>
            <ymin>1.6766681671142578</ymin>
            <xmax>311.1679992675781</xmax>
            <ymax>311.1679992675781</ymax>
        </bndbox>
    </object>
    
    <object>
        <name>helmet</name>
        <pose>Unspecified</pose>
        <truncated>0</truncated>
        <occluded>0</occluded>
        <difficult>0</difficult>
        <bndbox>
            <xmin>260.07568359375</xmin>
            <ymin>1.6766681671142578</ymin>
            <xmax>311.1679992675781</xmax>
            <ymax>311.1679992675781</ymax>
        </bndbox>
    </object>
    
    <object>
        <name>helmet</name>
        <pose>Unspecified</pose>
        <truncated>0</truncated>
        <occluded>0</occluded>
        <difficult>0</difficult>
        <bndbox>
            <xmin>260.07568359375</xmin>
            <ymin>1.6766681671142578</ymin>
            <xmax>311.1679992675781</xmax>
            <ymax>311.1679992675781</ymax>
        </bndbox>
    </object>
    </annotation>