
    <annotation>
        <folder>Images</folder>
        <filename>hard_hat_workers870.png</filename>
        <size>
            <width>416</width>
            <height>415</height>
            <depth>3</depth>
        </size>
        <segmented>0</segmented>
    
    <object>
        <name>helmet</name>
        <pose>Unspecified</pose>
        <truncated>0</truncated>
        <occluded>0</occluded>
        <difficult>0</difficult>
        <bndbox>
            <xmin>378.3197937011719</xmin>
            <ymin>1.3539199829101562</ymin>
            <xmax>414.0898742675781</xmax>
            <ymax>414.0898742675781</ymax>
        </bndbox>
    </object>
    
    <object>
        <name>helmet</name>
        <pose>Unspecified</pose>
        <truncated>0</truncated>
        <occluded>0</occluded>
        <difficult>0</difficult>
        <bndbox>
            <xmin>378.3197937011719</xmin>
            <ymin>1.3539199829101562</ymin>
            <xmax>414.0898742675781</xmax>
            <ymax>414.0898742675781</ymax>
        </bndbox>
    </object>
    </annotation>