
    <annotation>
        <folder>Images</folder>
        <filename>hard_hat_workers4281.png</filename>
        <size>
            <width>416</width>
            <height>415</height>
            <depth>3</depth>
        </size>
        <segmented>0</segmented>
    
    <object>
        <name>helmet</name>
        <pose>Unspecified</pose>
        <truncated>0</truncated>
        <occluded>0</occluded>
        <difficult>0</difficult>
        <bndbox>
            <xmin>156.37960815429688</xmin>
            <ymin>207.080322265625</ymin>
            <xmax>176.22567749023438</xmax>
            <ymax>176.22567749023438</ymax>
        </bndbox>
    </object>
    
    <object>
        <name>helmet</name>
        <pose>Unspecified</pose>
        <truncated>0</truncated>
        <occluded>0</occluded>
        <difficult>0</difficult>
        <bndbox>
            <xmin>156.37960815429688</xmin>
            <ymin>207.080322265625</ymin>
            <xmax>176.22567749023438</xmax>
            <ymax>176.22567749023438</ymax>
        </bndbox>
    </object>
    
    <object>
        <name>helmet</name>
        <pose>Unspecified</pose>
        <truncated>0</truncated>
        <occluded>0</occluded>
        <difficult>0</difficult>
        <bndbox>
            <xmin>156.37960815429688</xmin>
            <ymin>207.080322265625</ymin>
            <xmax>176.22567749023438</xmax>
            <ymax>176.22567749023438</ymax>
        </bndbox>
    </object>
    
    <object>
        <name>helmet</name>
        <pose>Unspecified</pose>
        <truncated>0</truncated>
        <occluded>0</occluded>
        <difficult>0</difficult>
        <bndbox>
            <xmin>156.37960815429688</xmin>
            <ymin>207.080322265625</ymin>
            <xmax>176.22567749023438</xmax>
            <ymax>176.22567749023438</ymax>
        </bndbox>
    </object>
    </annotation>