
    <annotation>
        <folder>Images</folder>
        <filename>hard_hat_workers4410.png</filename>
        <size>
            <width>416</width>
            <height>415</height>
            <depth>3</depth>
        </size>
        <segmented>0</segmented>
    
    <object>
        <name>helmet</name>
        <pose>Unspecified</pose>
        <truncated>0</truncated>
        <occluded>0</occluded>
        <difficult>0</difficult>
        <bndbox>
            <xmin>212.71102905273438</xmin>
            <ymin>43.49505615234375</ymin>
            <xmax>240.69580078125</xmax>
            <ymax>240.69580078125</ymax>
        </bndbox>
    </object>
    
    <object>
        <name>helmet</name>
        <pose>Unspecified</pose>
        <truncated>0</truncated>
        <occluded>0</occluded>
        <difficult>0</difficult>
        <bndbox>
            <xmin>212.71102905273438</xmin>
            <ymin>43.49505615234375</ymin>
            <xmax>240.69580078125</xmax>
            <ymax>240.69580078125</ymax>
        </bndbox>
    </object>
    
    <object>
        <name>helmet</name>
        <pose>Unspecified</pose>
        <truncated>0</truncated>
        <occluded>0</occluded>
        <difficult>0</difficult>
        <bndbox>
            <xmin>212.71102905273438</xmin>
            <ymin>43.49505615234375</ymin>
            <xmax>240.69580078125</xmax>
            <ymax>240.69580078125</ymax>
        </bndbox>
    </object>
    
    <object>
        <name>helmet</name>
        <pose>Unspecified</pose>
        <truncated>0</truncated>
        <occluded>0</occluded>
        <difficult>0</difficult>
        <bndbox>
            <xmin>212.71102905273438</xmin>
            <ymin>43.49505615234375</ymin>
            <xmax>240.69580078125</xmax>
            <ymax>240.69580078125</ymax>
        </bndbox>
    </object>
    
    <object>
        <name>helmet</name>
        <pose>Unspecified</pose>
        <truncated>0</truncated>
        <occluded>0</occluded>
        <difficult>0</difficult>
        <bndbox>
            <xmin>212.71102905273438</xmin>
            <ymin>43.49505615234375</ymin>
            <xmax>240.69580078125</xmax>
            <ymax>240.69580078125</ymax>
        </bndbox>
    </object>
    </annotation>