
    <annotation>
        <folder>Images</folder>
        <filename>hard_hat_workers1563.png</filename>
        <size>
            <width>416</width>
            <height>415</height>
            <depth>3</depth>
        </size>
        <segmented>0</segmented>
    
    <object>
        <name>helmet</name>
        <pose>Unspecified</pose>
        <truncated>0</truncated>
        <occluded>0</occluded>
        <difficult>0</difficult>
        <bndbox>
            <xmin>261.4520263671875</xmin>
            <ymin>382.0943298339844</ymin>
            <xmax>271.362548828125</xmax>
            <ymax>271.362548828125</ymax>
        </bndbox>
    </object>
    
    <object>
        <name>helmet</name>
        <pose>Unspecified</pose>
        <truncated>0</truncated>
        <occluded>0</occluded>
        <difficult>0</difficult>
        <bndbox>
            <xmin>261.4520263671875</xmin>
            <ymin>382.0943298339844</ymin>
            <xmax>271.362548828125</xmax>
            <ymax>271.362548828125</ymax>
        </bndbox>
    </object>
    </annotation>