
    <annotation>
        <folder>Images</folder>
        <filename>hard_hat_workers3421.png</filename>
        <size>
            <width>416</width>
            <height>415</height>
            <depth>3</depth>
        </size>
        <segmented>0</segmented>
    
    <object>
        <name>helmet</name>
        <pose>Unspecified</pose>
        <truncated>0</truncated>
        <occluded>0</occluded>
        <difficult>0</difficult>
        <bndbox>
            <xmin>216.3687744140625</xmin>
            <ymin>176.89920043945312</ymin>
            <xmax>253.97618103027344</xmax>
            <ymax>253.97618103027344</ymax>
        </bndbox>
    </object>
    </annotation>