
    <annotation>
        <folder>Images</folder>
        <filename>hard_hat_workers1697.png</filename>
        <size>
            <width>416</width>
            <height>415</height>
            <depth>3</depth>
        </size>
        <segmented>0</segmented>
    
    <object>
        <name>helmet</name>
        <pose>Unspecified</pose>
        <truncated>0</truncated>
        <occluded>0</occluded>
        <difficult>0</difficult>
        <bndbox>
            <xmin>239.8895721435547</xmin>
            <ymin>395.7394104003906</ymin>
            <xmax>265.564697265625</xmax>
            <ymax>265.564697265625</ymax>
        </bndbox>
    </object>
    
    <object>
        <name>helmet</name>
        <pose>Unspecified</pose>
        <truncated>0</truncated>
        <occluded>0</occluded>
        <difficult>0</difficult>
        <bndbox>
            <xmin>239.8895721435547</xmin>
            <ymin>395.7394104003906</ymin>
            <xmax>265.564697265625</xmax>
            <ymax>265.564697265625</ymax>
        </bndbox>
    </object>
    
    <object>
        <name>helmet</name>
        <pose>Unspecified</pose>
        <truncated>0</truncated>
        <occluded>0</occluded>
        <difficult>0</difficult>
        <bndbox>
            <xmin>239.8895721435547</xmin>
            <ymin>395.7394104003906</ymin>
            <xmax>265.564697265625</xmax>
            <ymax>265.564697265625</ymax>
        </bndbox>
    </object>
    
    <object>
        <name>helmet</name>
        <pose>Unspecified</pose>
        <truncated>0</truncated>
        <occluded>0</occluded>
        <difficult>0</difficult>
        <bndbox>
            <xmin>239.8895721435547</xmin>
            <ymin>395.7394104003906</ymin>
            <xmax>265.564697265625</xmax>
            <ymax>265.564697265625</ymax>
        </bndbox>
    </object>
    
    <object>
        <name>helmet</name>
        <pose>Unspecified</pose>
        <truncated>0</truncated>
        <occluded>0</occluded>
        <difficult>0</difficult>
        <bndbox>
            <xmin>239.8895721435547</xmin>
            <ymin>395.7394104003906</ymin>
            <xmax>265.564697265625</xmax>
            <ymax>265.564697265625</ymax>
        </bndbox>
    </object>
    
    <object>
        <name>helmet</name>
        <pose>Unspecified</pose>
        <truncated>0</truncated>
        <occluded>0</occluded>
        <difficult>0</difficult>
        <bndbox>
            <xmin>239.8895721435547</xmin>
            <ymin>395.7394104003906</ymin>
            <xmax>265.564697265625</xmax>
            <ymax>265.564697265625</ymax>
        </bndbox>
    </object>
    
    <object>
        <name>helmet</name>
        <pose>Unspecified</pose>
        <truncated>0</truncated>
        <occluded>0</occluded>
        <difficult>0</difficult>
        <bndbox>
            <xmin>239.8895721435547</xmin>
            <ymin>395.7394104003906</ymin>
            <xmax>265.564697265625</xmax>
            <ymax>265.564697265625</ymax>
        </bndbox>
    </object>
    </annotation>