
    <annotation>
        <folder>Images</folder>
        <filename>hard_hat_workers623.png</filename>
        <size>
            <width>416</width>
            <height>415</height>
            <depth>3</depth>
        </size>
        <segmented>0</segmented>
    
    <object>
        <name>helmet</name>
        <pose>Unspecified</pose>
        <truncated>0</truncated>
        <occluded>0</occluded>
        <difficult>0</difficult>
        <bndbox>
            <xmin>240.48513793945312</xmin>
            <ymin>99.01893615722656</ymin>
            <xmax>253.17849731445312</xmax>
            <ymax>253.17849731445312</ymax>
        </bndbox>
    </object>
    </annotation>