
    <annotation>
        <folder>Images</folder>
        <filename>hard_hat_workers1015.png</filename>
        <size>
            <width>416</width>
            <height>415</height>
            <depth>3</depth>
        </size>
        <segmented>0</segmented>
    
    <object>
        <name>helmet</name>
        <pose>Unspecified</pose>
        <truncated>0</truncated>
        <occluded>0</occluded>
        <difficult>0</difficult>
        <bndbox>
            <xmin>147.66757202148438</xmin>
            <ymin>149.78335571289062</ymin>
            <xmax>235.99977111816406</xmax>
            <ymax>235.99977111816406</ymax>
        </bndbox>
    </object>
    </annotation>