
    <annotation>
        <folder>Images</folder>
        <filename>hard_hat_workers4417.png</filename>
        <size>
            <width>416</width>
            <height>415</height>
            <depth>3</depth>
        </size>
        <segmented>0</segmented>
    
    <object>
        <name>helmet</name>
        <pose>Unspecified</pose>
        <truncated>0</truncated>
        <occluded>0</occluded>
        <difficult>0</difficult>
        <bndbox>
            <xmin>295.7919006347656</xmin>
            <ymin>0.7907390594482422</ymin>
            <xmax>391.7735290527344</xmax>
            <ymax>391.7735290527344</ymax>
        </bndbox>
    </object>
    </annotation>