
    <annotation>
        <folder>Images</folder>
        <filename>hard_hat_workers2070.png</filename>
        <size>
            <width>416</width>
            <height>415</height>
            <depth>3</depth>
        </size>
        <segmented>0</segmented>
    
    <object>
        <name>helmet</name>
        <pose>Unspecified</pose>
        <truncated>0</truncated>
        <occluded>0</occluded>
        <difficult>0</difficult>
        <bndbox>
            <xmin>218.72933959960938</xmin>
            <ymin>110.50198364257812</ymin>
            <xmax>258.8802185058594</xmax>
            <ymax>258.8802185058594</ymax>
        </bndbox>
    </object>
    
    <object>
        <name>helmet</name>
        <pose>Unspecified</pose>
        <truncated>0</truncated>
        <occluded>0</occluded>
        <difficult>0</difficult>
        <bndbox>
            <xmin>218.72933959960938</xmin>
            <ymin>110.50198364257812</ymin>
            <xmax>258.8802185058594</xmax>
            <ymax>258.8802185058594</ymax>
        </bndbox>
    </object>
    
    <object>
        <name>helmet</name>
        <pose>Unspecified</pose>
        <truncated>0</truncated>
        <occluded>0</occluded>
        <difficult>0</difficult>
        <bndbox>
            <xmin>218.72933959960938</xmin>
            <ymin>110.50198364257812</ymin>
            <xmax>258.8802185058594</xmax>
            <ymax>258.8802185058594</ymax>
        </bndbox>
    </object>
    </annotation>