
    <annotation>
        <folder>Images</folder>
        <filename>hard_hat_workers3724.png</filename>
        <size>
            <width>416</width>
            <height>415</height>
            <depth>3</depth>
        </size>
        <segmented>0</segmented>
    
    <object>
        <name>helmet</name>
        <pose>Unspecified</pose>
        <truncated>0</truncated>
        <occluded>0</occluded>
        <difficult>0</difficult>
        <bndbox>
            <xmin>267.7401123046875</xmin>
            <ymin>24.442203521728516</ymin>
            <xmax>295.5262451171875</xmax>
            <ymax>295.5262451171875</ymax>
        </bndbox>
    </object>
    
    <object>
        <name>helmet</name>
        <pose>Unspecified</pose>
        <truncated>0</truncated>
        <occluded>0</occluded>
        <difficult>0</difficult>
        <bndbox>
            <xmin>267.7401123046875</xmin>
            <ymin>24.442203521728516</ymin>
            <xmax>295.5262451171875</xmax>
            <ymax>295.5262451171875</ymax>
        </bndbox>
    </object>
    
    <object>
        <name>helmet</name>
        <pose>Unspecified</pose>
        <truncated>0</truncated>
        <occluded>0</occluded>
        <difficult>0</difficult>
        <bndbox>
            <xmin>267.7401123046875</xmin>
            <ymin>24.442203521728516</ymin>
            <xmax>295.5262451171875</xmax>
            <ymax>295.5262451171875</ymax>
        </bndbox>
    </object>
    
    <object>
        <name>helmet</name>
        <pose>Unspecified</pose>
        <truncated>0</truncated>
        <occluded>0</occluded>
        <difficult>0</difficult>
        <bndbox>
            <xmin>267.7401123046875</xmin>
            <ymin>24.442203521728516</ymin>
            <xmax>295.5262451171875</xmax>
            <ymax>295.5262451171875</ymax>
        </bndbox>
    </object>
    
    <object>
        <name>helmet</name>
        <pose>Unspecified</pose>
        <truncated>0</truncated>
        <occluded>0</occluded>
        <difficult>0</difficult>
        <bndbox>
            <xmin>267.7401123046875</xmin>
            <ymin>24.442203521728516</ymin>
            <xmax>295.5262451171875</xmax>
            <ymax>295.5262451171875</ymax>
        </bndbox>
    </object>
    </annotation>