
    <annotation>
        <folder>Images</folder>
        <filename>hard_hat_workers1374.png</filename>
        <size>
            <width>416</width>
            <height>415</height>
            <depth>3</depth>
        </size>
        <segmented>0</segmented>
    
    <object>
        <name>helmet</name>
        <pose>Unspecified</pose>
        <truncated>0</truncated>
        <occluded>0</occluded>
        <difficult>0</difficult>
        <bndbox>
            <xmin>109.25651550292969</xmin>
            <ymin>227.48110961914062</ymin>
            <xmax>145.3638916015625</xmax>
            <ymax>145.3638916015625</ymax>
        </bndbox>
    </object>
    </annotation>