
    <annotation>
        <folder>Images</folder>
        <filename>hard_hat_workers182.png</filename>
        <size>
            <width>416</width>
            <height>415</height>
            <depth>3</depth>
        </size>
        <segmented>0</segmented>
    
    <object>
        <name>helmet</name>
        <pose>Unspecified</pose>
        <truncated>0</truncated>
        <occluded>0</occluded>
        <difficult>0</difficult>
        <bndbox>
            <xmin>322.8133544921875</xmin>
            <ymin>259.7491760253906</ymin>
            <xmax>334.3112487792969</xmax>
            <ymax>334.3112487792969</ymax>
        </bndbox>
    </object>
    
    <object>
        <name>helmet</name>
        <pose>Unspecified</pose>
        <truncated>0</truncated>
        <occluded>0</occluded>
        <difficult>0</difficult>
        <bndbox>
            <xmin>322.8133544921875</xmin>
            <ymin>259.7491760253906</ymin>
            <xmax>334.3112487792969</xmax>
            <ymax>334.3112487792969</ymax>
        </bndbox>
    </object>
    
    <object>
        <name>helmet</name>
        <pose>Unspecified</pose>
        <truncated>0</truncated>
        <occluded>0</occluded>
        <difficult>0</difficult>
        <bndbox>
            <xmin>322.8133544921875</xmin>
            <ymin>259.7491760253906</ymin>
            <xmax>334.3112487792969</xmax>
            <ymax>334.3112487792969</ymax>
        </bndbox>
    </object>
    
    <object>
        <name>helmet</name>
        <pose>Unspecified</pose>
        <truncated>0</truncated>
        <occluded>0</occluded>
        <difficult>0</difficult>
        <bndbox>
            <xmin>322.8133544921875</xmin>
            <ymin>259.7491760253906</ymin>
            <xmax>334.3112487792969</xmax>
            <ymax>334.3112487792969</ymax>
        </bndbox>
    </object>
    </annotation>