
    <annotation>
        <folder>Images</folder>
        <filename>hard_hat_workers854.png</filename>
        <size>
            <width>416</width>
            <height>415</height>
            <depth>3</depth>
        </size>
        <segmented>0</segmented>
    
    <object>
        <name>helmet</name>
        <pose>Unspecified</pose>
        <truncated>0</truncated>
        <occluded>0</occluded>
        <difficult>0</difficult>
        <bndbox>
            <xmin>175.08187866210938</xmin>
            <ymin>227.19598388671875</ymin>
            <xmax>183.58055114746094</xmax>
            <ymax>183.58055114746094</ymax>
        </bndbox>
    </object>
    
    <object>
        <name>helmet</name>
        <pose>Unspecified</pose>
        <truncated>0</truncated>
        <occluded>0</occluded>
        <difficult>0</difficult>
        <bndbox>
            <xmin>175.08187866210938</xmin>
            <ymin>227.19598388671875</ymin>
            <xmax>183.58055114746094</xmax>
            <ymax>183.58055114746094</ymax>
        </bndbox>
    </object>
    
    <object>
        <name>helmet</name>
        <pose>Unspecified</pose>
        <truncated>0</truncated>
        <occluded>0</occluded>
        <difficult>0</difficult>
        <bndbox>
            <xmin>175.08187866210938</xmin>
            <ymin>227.19598388671875</ymin>
            <xmax>183.58055114746094</xmax>
            <ymax>183.58055114746094</ymax>
        </bndbox>
    </object>
    
    <object>
        <name>helmet</name>
        <pose>Unspecified</pose>
        <truncated>0</truncated>
        <occluded>0</occluded>
        <difficult>0</difficult>
        <bndbox>
            <xmin>175.08187866210938</xmin>
            <ymin>227.19598388671875</ymin>
            <xmax>183.58055114746094</xmax>
            <ymax>183.58055114746094</ymax>
        </bndbox>
    </object>
    </annotation>