
    <annotation>
        <folder>Images</folder>
        <filename>hard_hat_workers1796.png</filename>
        <size>
            <width>416</width>
            <height>415</height>
            <depth>3</depth>
        </size>
        <segmented>0</segmented>
    
    <object>
        <name>helmet</name>
        <pose>Unspecified</pose>
        <truncated>0</truncated>
        <occluded>0</occluded>
        <difficult>0</difficult>
        <bndbox>
            <xmin>244.71836853027344</xmin>
            <ymin>180.0933837890625</ymin>
            <xmax>257.3419189453125</xmax>
            <ymax>257.3419189453125</ymax>
        </bndbox>
    </object>
    
    <object>
        <name>helmet</name>
        <pose>Unspecified</pose>
        <truncated>0</truncated>
        <occluded>0</occluded>
        <difficult>0</difficult>
        <bndbox>
            <xmin>244.71836853027344</xmin>
            <ymin>180.0933837890625</ymin>
            <xmax>257.3419189453125</xmax>
            <ymax>257.3419189453125</ymax>
        </bndbox>
    </object>
    
    <object>
        <name>helmet</name>
        <pose>Unspecified</pose>
        <truncated>0</truncated>
        <occluded>0</occluded>
        <difficult>0</difficult>
        <bndbox>
            <xmin>244.71836853027344</xmin>
            <ymin>180.0933837890625</ymin>
            <xmax>257.3419189453125</xmax>
            <ymax>257.3419189453125</ymax>
        </bndbox>
    </object>
    </annotation>