
    <annotation>
        <folder>Images</folder>
        <filename>hard_hat_workers3325.png</filename>
        <size>
            <width>416</width>
            <height>415</height>
            <depth>3</depth>
        </size>
        <segmented>0</segmented>
    
    <object>
        <name>helmet</name>
        <pose>Unspecified</pose>
        <truncated>0</truncated>
        <occluded>0</occluded>
        <difficult>0</difficult>
        <bndbox>
            <xmin>7.947686672210693</xmin>
            <ymin>264.9652099609375</ymin>
            <xmax>19.0606632232666</xmax>
            <ymax>19.0606632232666</ymax>
        </bndbox>
    </object>
    
    <object>
        <name>helmet</name>
        <pose>Unspecified</pose>
        <truncated>0</truncated>
        <occluded>0</occluded>
        <difficult>0</difficult>
        <bndbox>
            <xmin>7.947686672210693</xmin>
            <ymin>264.9652099609375</ymin>
            <xmax>19.0606632232666</xmax>
            <ymax>19.0606632232666</ymax>
        </bndbox>
    </object>
    
    <object>
        <name>helmet</name>
        <pose>Unspecified</pose>
        <truncated>0</truncated>
        <occluded>0</occluded>
        <difficult>0</difficult>
        <bndbox>
            <xmin>7.947686672210693</xmin>
            <ymin>264.9652099609375</ymin>
            <xmax>19.0606632232666</xmax>
            <ymax>19.0606632232666</ymax>
        </bndbox>
    </object>
    </annotation>