
    <annotation>
        <folder>Images</folder>
        <filename>hard_hat_workers509.png</filename>
        <size>
            <width>416</width>
            <height>415</height>
            <depth>3</depth>
        </size>
        <segmented>0</segmented>
    
    <object>
        <name>helmet</name>
        <pose>Unspecified</pose>
        <truncated>0</truncated>
        <occluded>0</occluded>
        <difficult>0</difficult>
        <bndbox>
            <xmin>380.8526611328125</xmin>
            <ymin>278.80950927734375</ymin>
            <xmax>393.8714599609375</xmax>
            <ymax>393.8714599609375</ymax>
        </bndbox>
    </object>
    
    <object>
        <name>helmet</name>
        <pose>Unspecified</pose>
        <truncated>0</truncated>
        <occluded>0</occluded>
        <difficult>0</difficult>
        <bndbox>
            <xmin>380.8526611328125</xmin>
            <ymin>278.80950927734375</ymin>
            <xmax>393.8714599609375</xmax>
            <ymax>393.8714599609375</ymax>
        </bndbox>
    </object>
    
    <object>
        <name>helmet</name>
        <pose>Unspecified</pose>
        <truncated>0</truncated>
        <occluded>0</occluded>
        <difficult>0</difficult>
        <bndbox>
            <xmin>380.8526611328125</xmin>
            <ymin>278.80950927734375</ymin>
            <xmax>393.8714599609375</xmax>
            <ymax>393.8714599609375</ymax>
        </bndbox>
    </object>
    
    <object>
        <name>helmet</name>
        <pose>Unspecified</pose>
        <truncated>0</truncated>
        <occluded>0</occluded>
        <difficult>0</difficult>
        <bndbox>
            <xmin>380.8526611328125</xmin>
            <ymin>278.80950927734375</ymin>
            <xmax>393.8714599609375</xmax>
            <ymax>393.8714599609375</ymax>
        </bndbox>
    </object>
    
    <object>
        <name>helmet</name>
        <pose>Unspecified</pose>
        <truncated>0</truncated>
        <occluded>0</occluded>
        <difficult>0</difficult>
        <bndbox>
            <xmin>380.8526611328125</xmin>
            <ymin>278.80950927734375</ymin>
            <xmax>393.8714599609375</xmax>
            <ymax>393.8714599609375</ymax>
        </bndbox>
    </object>
    
    <object>
        <name>helmet</name>
        <pose>Unspecified</pose>
        <truncated>0</truncated>
        <occluded>0</occluded>
        <difficult>0</difficult>
        <bndbox>
            <xmin>380.8526611328125</xmin>
            <ymin>278.80950927734375</ymin>
            <xmax>393.8714599609375</xmax>
            <ymax>393.8714599609375</ymax>
        </bndbox>
    </object>
    
    <object>
        <name>helmet</name>
        <pose>Unspecified</pose>
        <truncated>0</truncated>
        <occluded>0</occluded>
        <difficult>0</difficult>
        <bndbox>
            <xmin>380.8526611328125</xmin>
            <ymin>278.80950927734375</ymin>
            <xmax>393.8714599609375</xmax>
            <ymax>393.8714599609375</ymax>
        </bndbox>
    </object>
    </annotation>