
    <annotation>
        <folder>Images</folder>
        <filename>hard_hat_workers1877.png</filename>
        <size>
            <width>416</width>
            <height>415</height>
            <depth>3</depth>
        </size>
        <segmented>0</segmented>
    
    <object>
        <name>helmet</name>
        <pose>Unspecified</pose>
        <truncated>0</truncated>
        <occluded>0</occluded>
        <difficult>0</difficult>
        <bndbox>
            <xmin>271.38507080078125</xmin>
            <ymin>155.74081420898438</ymin>
            <xmax>309.0196533203125</xmax>
            <ymax>309.0196533203125</ymax>
        </bndbox>
    </object>
    
    <object>
        <name>helmet</name>
        <pose>Unspecified</pose>
        <truncated>0</truncated>
        <occluded>0</occluded>
        <difficult>0</difficult>
        <bndbox>
            <xmin>271.38507080078125</xmin>
            <ymin>155.74081420898438</ymin>
            <xmax>309.0196533203125</xmax>
            <ymax>309.0196533203125</ymax>
        </bndbox>
    </object>
    
    <object>
        <name>helmet</name>
        <pose>Unspecified</pose>
        <truncated>0</truncated>
        <occluded>0</occluded>
        <difficult>0</difficult>
        <bndbox>
            <xmin>271.38507080078125</xmin>
            <ymin>155.74081420898438</ymin>
            <xmax>309.0196533203125</xmax>
            <ymax>309.0196533203125</ymax>
        </bndbox>
    </object>
    
    <object>
        <name>helmet</name>
        <pose>Unspecified</pose>
        <truncated>0</truncated>
        <occluded>0</occluded>
        <difficult>0</difficult>
        <bndbox>
            <xmin>271.38507080078125</xmin>
            <ymin>155.74081420898438</ymin>
            <xmax>309.0196533203125</xmax>
            <ymax>309.0196533203125</ymax>
        </bndbox>
    </object>
    </annotation>