
    <annotation>
        <folder>Images</folder>
        <filename>hard_hat_workers832.png</filename>
        <size>
            <width>416</width>
            <height>415</height>
            <depth>3</depth>
        </size>
        <segmented>0</segmented>
    
    <object>
        <name>helmet</name>
        <pose>Unspecified</pose>
        <truncated>0</truncated>
        <occluded>0</occluded>
        <difficult>0</difficult>
        <bndbox>
            <xmin>122.99391174316406</xmin>
            <ymin>199.7506103515625</ymin>
            <xmax>133.0684356689453</xmax>
            <ymax>133.0684356689453</ymax>
        </bndbox>
    </object>
    
    <object>
        <name>helmet</name>
        <pose>Unspecified</pose>
        <truncated>0</truncated>
        <occluded>0</occluded>
        <difficult>0</difficult>
        <bndbox>
            <xmin>122.99391174316406</xmin>
            <ymin>199.7506103515625</ymin>
            <xmax>133.0684356689453</xmax>
            <ymax>133.0684356689453</ymax>
        </bndbox>
    </object>
    
    <object>
        <name>helmet</name>
        <pose>Unspecified</pose>
        <truncated>0</truncated>
        <occluded>0</occluded>
        <difficult>0</difficult>
        <bndbox>
            <xmin>122.99391174316406</xmin>
            <ymin>199.7506103515625</ymin>
            <xmax>133.0684356689453</xmax>
            <ymax>133.0684356689453</ymax>
        </bndbox>
    </object>
    
    <object>
        <name>helmet</name>
        <pose>Unspecified</pose>
        <truncated>0</truncated>
        <occluded>0</occluded>
        <difficult>0</difficult>
        <bndbox>
            <xmin>122.99391174316406</xmin>
            <ymin>199.7506103515625</ymin>
            <xmax>133.0684356689453</xmax>
            <ymax>133.0684356689453</ymax>
        </bndbox>
    </object>
    
    <object>
        <name>helmet</name>
        <pose>Unspecified</pose>
        <truncated>0</truncated>
        <occluded>0</occluded>
        <difficult>0</difficult>
        <bndbox>
            <xmin>122.99391174316406</xmin>
            <ymin>199.7506103515625</ymin>
            <xmax>133.0684356689453</xmax>
            <ymax>133.0684356689453</ymax>
        </bndbox>
    </object>
    
    <object>
        <name>helmet</name>
        <pose>Unspecified</pose>
        <truncated>0</truncated>
        <occluded>0</occluded>
        <difficult>0</difficult>
        <bndbox>
            <xmin>122.99391174316406</xmin>
            <ymin>199.7506103515625</ymin>
            <xmax>133.0684356689453</xmax>
            <ymax>133.0684356689453</ymax>
        </bndbox>
    </object>
    
    <object>
        <name>helmet</name>
        <pose>Unspecified</pose>
        <truncated>0</truncated>
        <occluded>0</occluded>
        <difficult>0</difficult>
        <bndbox>
            <xmin>122.99391174316406</xmin>
            <ymin>199.7506103515625</ymin>
            <xmax>133.0684356689453</xmax>
            <ymax>133.0684356689453</ymax>
        </bndbox>
    </object>
    
    <object>
        <name>helmet</name>
        <pose>Unspecified</pose>
        <truncated>0</truncated>
        <occluded>0</occluded>
        <difficult>0</difficult>
        <bndbox>
            <xmin>122.99391174316406</xmin>
            <ymin>199.7506103515625</ymin>
            <xmax>133.0684356689453</xmax>
            <ymax>133.0684356689453</ymax>
        </bndbox>
    </object>
    </annotation>