
    <annotation>
        <folder>Images</folder>
        <filename>hard_hat_workers1068.png</filename>
        <size>
            <width>416</width>
            <height>415</height>
            <depth>3</depth>
        </size>
        <segmented>0</segmented>
    
    <object>
        <name>helmet</name>
        <pose>Unspecified</pose>
        <truncated>0</truncated>
        <occluded>0</occluded>
        <difficult>0</difficult>
        <bndbox>
            <xmin>157.2108612060547</xmin>
            <ymin>155.67611694335938</ymin>
            <xmax>182.2826690673828</xmax>
            <ymax>182.2826690673828</ymax>
        </bndbox>
    </object>
    
    <object>
        <name>helmet</name>
        <pose>Unspecified</pose>
        <truncated>0</truncated>
        <occluded>0</occluded>
        <difficult>0</difficult>
        <bndbox>
            <xmin>157.2108612060547</xmin>
            <ymin>155.67611694335938</ymin>
            <xmax>182.2826690673828</xmax>
            <ymax>182.2826690673828</ymax>
        </bndbox>
    </object>
    
    <object>
        <name>helmet</name>
        <pose>Unspecified</pose>
        <truncated>0</truncated>
        <occluded>0</occluded>
        <difficult>0</difficult>
        <bndbox>
            <xmin>157.2108612060547</xmin>
            <ymin>155.67611694335938</ymin>
            <xmax>182.2826690673828</xmax>
            <ymax>182.2826690673828</ymax>
        </bndbox>
    </object>
    </annotation>