
    <annotation>
        <folder>Images</folder>
        <filename>hard_hat_workers1095.png</filename>
        <size>
            <width>416</width>
            <height>415</height>
            <depth>3</depth>
        </size>
        <segmented>0</segmented>
    
    <object>
        <name>helmet</name>
        <pose>Unspecified</pose>
        <truncated>0</truncated>
        <occluded>0</occluded>
        <difficult>0</difficult>
        <bndbox>
            <xmin>229.6947021484375</xmin>
            <ymin>0.0</ymin>
            <xmax>297.79486083984375</xmax>
            <ymax>297.79486083984375</ymax>
        </bndbox>
    </object>
    
    <object>
        <name>helmet</name>
        <pose>Unspecified</pose>
        <truncated>0</truncated>
        <occluded>0</occluded>
        <difficult>0</difficult>
        <bndbox>
            <xmin>229.6947021484375</xmin>
            <ymin>0.0</ymin>
            <xmax>297.79486083984375</xmax>
            <ymax>297.79486083984375</ymax>
        </bndbox>
    </object>
    
    <object>
        <name>helmet</name>
        <pose>Unspecified</pose>
        <truncated>0</truncated>
        <occluded>0</occluded>
        <difficult>0</difficult>
        <bndbox>
            <xmin>229.6947021484375</xmin>
            <ymin>0.0</ymin>
            <xmax>297.79486083984375</xmax>
            <ymax>297.79486083984375</ymax>
        </bndbox>
    </object>
    
    <object>
        <name>helmet</name>
        <pose>Unspecified</pose>
        <truncated>0</truncated>
        <occluded>0</occluded>
        <difficult>0</difficult>
        <bndbox>
            <xmin>229.6947021484375</xmin>
            <ymin>0.0</ymin>
            <xmax>297.79486083984375</xmax>
            <ymax>297.79486083984375</ymax>
        </bndbox>
    </object>
    
    <object>
        <name>helmet</name>
        <pose>Unspecified</pose>
        <truncated>0</truncated>
        <occluded>0</occluded>
        <difficult>0</difficult>
        <bndbox>
            <xmin>229.6947021484375</xmin>
            <ymin>0.0</ymin>
            <xmax>297.79486083984375</xmax>
            <ymax>297.79486083984375</ymax>
        </bndbox>
    </object>
    
    <object>
        <name>helmet</name>
        <pose>Unspecified</pose>
        <truncated>0</truncated>
        <occluded>0</occluded>
        <difficult>0</difficult>
        <bndbox>
            <xmin>229.6947021484375</xmin>
            <ymin>0.0</ymin>
            <xmax>297.79486083984375</xmax>
            <ymax>297.79486083984375</ymax>
        </bndbox>
    </object>
    
    <object>
        <name>helmet</name>
        <pose>Unspecified</pose>
        <truncated>0</truncated>
        <occluded>0</occluded>
        <difficult>0</difficult>
        <bndbox>
            <xmin>229.6947021484375</xmin>
            <ymin>0.0</ymin>
            <xmax>297.79486083984375</xmax>
            <ymax>297.79486083984375</ymax>
        </bndbox>
    </object>
    
    <object>
        <name>helmet</name>
        <pose>Unspecified</pose>
        <truncated>0</truncated>
        <occluded>0</occluded>
        <difficult>0</difficult>
        <bndbox>
            <xmin>229.6947021484375</xmin>
            <ymin>0.0</ymin>
            <xmax>297.79486083984375</xmax>
            <ymax>297.79486083984375</ymax>
        </bndbox>
    </object>
    </annotation>