
    <annotation>
        <folder>Images</folder>
        <filename>hard_hat_workers3528.png</filename>
        <size>
            <width>416</width>
            <height>415</height>
            <depth>3</depth>
        </size>
        <segmented>0</segmented>
    
    <object>
        <name>helmet</name>
        <pose>Unspecified</pose>
        <truncated>0</truncated>
        <occluded>0</occluded>
        <difficult>0</difficult>
        <bndbox>
            <xmin>31.734825134277344</xmin>
            <ymin>0.387723445892334</ymin>
            <xmax>57.36359405517578</xmax>
            <ymax>57.36359405517578</ymax>
        </bndbox>
    </object>
    
    <object>
        <name>helmet</name>
        <pose>Unspecified</pose>
        <truncated>0</truncated>
        <occluded>0</occluded>
        <difficult>0</difficult>
        <bndbox>
            <xmin>31.734825134277344</xmin>
            <ymin>0.387723445892334</ymin>
            <xmax>57.36359405517578</xmax>
            <ymax>57.36359405517578</ymax>
        </bndbox>
    </object>
    </annotation>