
    <annotation>
        <folder>Images</folder>
        <filename>hard_hat_workers3654.png</filename>
        <size>
            <width>416</width>
            <height>415</height>
            <depth>3</depth>
        </size>
        <segmented>0</segmented>
    
    <object>
        <name>helmet</name>
        <pose>Unspecified</pose>
        <truncated>0</truncated>
        <occluded>0</occluded>
        <difficult>0</difficult>
        <bndbox>
            <xmin>150.30999755859375</xmin>
            <ymin>191.52015686035156</ymin>
            <xmax>157.6924285888672</xmax>
            <ymax>157.6924285888672</ymax>
        </bndbox>
    </object>
    </annotation>