
    <annotation>
        <folder>Images</folder>
        <filename>hard_hat_workers4770.png</filename>
        <size>
            <width>416</width>
            <height>415</height>
            <depth>3</depth>
        </size>
        <segmented>0</segmented>
    
    <object>
        <name>helmet</name>
        <pose>Unspecified</pose>
        <truncated>0</truncated>
        <occluded>0</occluded>
        <difficult>0</difficult>
        <bndbox>
            <xmin>295.7376708984375</xmin>
            <ymin>204.05642700195312</ymin>
            <xmax>307.1636657714844</xmax>
            <ymax>307.1636657714844</ymax>
        </bndbox>
    </object>
    
    <object>
        <name>helmet</name>
        <pose>Unspecified</pose>
        <truncated>0</truncated>
        <occluded>0</occluded>
        <difficult>0</difficult>
        <bndbox>
            <xmin>295.7376708984375</xmin>
            <ymin>204.05642700195312</ymin>
            <xmax>307.1636657714844</xmax>
            <ymax>307.1636657714844</ymax>
        </bndbox>
    </object>
    
    <object>
        <name>helmet</name>
        <pose>Unspecified</pose>
        <truncated>0</truncated>
        <occluded>0</occluded>
        <difficult>0</difficult>
        <bndbox>
            <xmin>295.7376708984375</xmin>
            <ymin>204.05642700195312</ymin>
            <xmax>307.1636657714844</xmax>
            <ymax>307.1636657714844</ymax>
        </bndbox>
    </object>
    
    <object>
        <name>helmet</name>
        <pose>Unspecified</pose>
        <truncated>0</truncated>
        <occluded>0</occluded>
        <difficult>0</difficult>
        <bndbox>
            <xmin>295.7376708984375</xmin>
            <ymin>204.05642700195312</ymin>
            <xmax>307.1636657714844</xmax>
            <ymax>307.1636657714844</ymax>
        </bndbox>
    </object>
    
    <object>
        <name>helmet</name>
        <pose>Unspecified</pose>
        <truncated>0</truncated>
        <occluded>0</occluded>
        <difficult>0</difficult>
        <bndbox>
            <xmin>295.7376708984375</xmin>
            <ymin>204.05642700195312</ymin>
            <xmax>307.1636657714844</xmax>
            <ymax>307.1636657714844</ymax>
        </bndbox>
    </object>
    
    <object>
        <name>helmet</name>
        <pose>Unspecified</pose>
        <truncated>0</truncated>
        <occluded>0</occluded>
        <difficult>0</difficult>
        <bndbox>
            <xmin>295.7376708984375</xmin>
            <ymin>204.05642700195312</ymin>
            <xmax>307.1636657714844</xmax>
            <ymax>307.1636657714844</ymax>
        </bndbox>
    </object>
    </annotation>