
    <annotation>
        <folder>Images</folder>
        <filename>hard_hat_workers4052.png</filename>
        <size>
            <width>416</width>
            <height>415</height>
            <depth>3</depth>
        </size>
        <segmented>0</segmented>
    
    <object>
        <name>helmet</name>
        <pose>Unspecified</pose>
        <truncated>0</truncated>
        <occluded>0</occluded>
        <difficult>0</difficult>
        <bndbox>
            <xmin>220.76361083984375</xmin>
            <ymin>102.7760238647461</ymin>
            <xmax>236.05340576171875</xmax>
            <ymax>236.05340576171875</ymax>
        </bndbox>
    </object>
    
    <object>
        <name>helmet</name>
        <pose>Unspecified</pose>
        <truncated>0</truncated>
        <occluded>0</occluded>
        <difficult>0</difficult>
        <bndbox>
            <xmin>220.76361083984375</xmin>
            <ymin>102.7760238647461</ymin>
            <xmax>236.05340576171875</xmax>
            <ymax>236.05340576171875</ymax>
        </bndbox>
    </object>
    
    <object>
        <name>helmet</name>
        <pose>Unspecified</pose>
        <truncated>0</truncated>
        <occluded>0</occluded>
        <difficult>0</difficult>
        <bndbox>
            <xmin>220.76361083984375</xmin>
            <ymin>102.7760238647461</ymin>
            <xmax>236.05340576171875</xmax>
            <ymax>236.05340576171875</ymax>
        </bndbox>
    </object>
    
    <object>
        <name>helmet</name>
        <pose>Unspecified</pose>
        <truncated>0</truncated>
        <occluded>0</occluded>
        <difficult>0</difficult>
        <bndbox>
            <xmin>220.76361083984375</xmin>
            <ymin>102.7760238647461</ymin>
            <xmax>236.05340576171875</xmax>
            <ymax>236.05340576171875</ymax>
        </bndbox>
    </object>
    </annotation>