
    <annotation>
        <folder>Images</folder>
        <filename>hard_hat_workers3262.png</filename>
        <size>
            <width>416</width>
            <height>415</height>
            <depth>3</depth>
        </size>
        <segmented>0</segmented>
    
    <object>
        <name>helmet</name>
        <pose>Unspecified</pose>
        <truncated>0</truncated>
        <occluded>0</occluded>
        <difficult>0</difficult>
        <bndbox>
            <xmin>317.4653015136719</xmin>
            <ymin>146.49386596679688</ymin>
            <xmax>377.1224670410156</xmax>
            <ymax>377.1224670410156</ymax>
        </bndbox>
    </object>
    
    <object>
        <name>helmet</name>
        <pose>Unspecified</pose>
        <truncated>0</truncated>
        <occluded>0</occluded>
        <difficult>0</difficult>
        <bndbox>
            <xmin>317.4653015136719</xmin>
            <ymin>146.49386596679688</ymin>
            <xmax>377.1224670410156</xmax>
            <ymax>377.1224670410156</ymax>
        </bndbox>
    </object>
    
    <object>
        <name>helmet</name>
        <pose>Unspecified</pose>
        <truncated>0</truncated>
        <occluded>0</occluded>
        <difficult>0</difficult>
        <bndbox>
            <xmin>317.4653015136719</xmin>
            <ymin>146.49386596679688</ymin>
            <xmax>377.1224670410156</xmax>
            <ymax>377.1224670410156</ymax>
        </bndbox>
    </object>
    
    <object>
        <name>helmet</name>
        <pose>Unspecified</pose>
        <truncated>0</truncated>
        <occluded>0</occluded>
        <difficult>0</difficult>
        <bndbox>
            <xmin>317.4653015136719</xmin>
            <ymin>146.49386596679688</ymin>
            <xmax>377.1224670410156</xmax>
            <ymax>377.1224670410156</ymax>
        </bndbox>
    </object>
    </annotation>