
    <annotation>
        <folder>Images</folder>
        <filename>hard_hat_workers3578.png</filename>
        <size>
            <width>416</width>
            <height>415</height>
            <depth>3</depth>
        </size>
        <segmented>0</segmented>
    
    <object>
        <name>helmet</name>
        <pose>Unspecified</pose>
        <truncated>0</truncated>
        <occluded>0</occluded>
        <difficult>0</difficult>
        <bndbox>
            <xmin>139.15692138671875</xmin>
            <ymin>59.71916961669922</ymin>
            <xmax>283.31085205078125</xmax>
            <ymax>283.31085205078125</ymax>
        </bndbox>
    </object>
    
    <object>
        <name>helmet</name>
        <pose>Unspecified</pose>
        <truncated>0</truncated>
        <occluded>0</occluded>
        <difficult>0</difficult>
        <bndbox>
            <xmin>139.15692138671875</xmin>
            <ymin>59.71916961669922</ymin>
            <xmax>283.31085205078125</xmax>
            <ymax>283.31085205078125</ymax>
        </bndbox>
    </object>
    
    <object>
        <name>helmet</name>
        <pose>Unspecified</pose>
        <truncated>0</truncated>
        <occluded>0</occluded>
        <difficult>0</difficult>
        <bndbox>
            <xmin>139.15692138671875</xmin>
            <ymin>59.71916961669922</ymin>
            <xmax>283.31085205078125</xmax>
            <ymax>283.31085205078125</ymax>
        </bndbox>
    </object>
    
    <object>
        <name>helmet</name>
        <pose>Unspecified</pose>
        <truncated>0</truncated>
        <occluded>0</occluded>
        <difficult>0</difficult>
        <bndbox>
            <xmin>139.15692138671875</xmin>
            <ymin>59.71916961669922</ymin>
            <xmax>283.31085205078125</xmax>
            <ymax>283.31085205078125</ymax>
        </bndbox>
    </object>
    </annotation>