
    <annotation>
        <folder>Images</folder>
        <filename>hard_hat_workers3254.png</filename>
        <size>
            <width>416</width>
            <height>415</height>
            <depth>3</depth>
        </size>
        <segmented>0</segmented>
    
    <object>
        <name>helmet</name>
        <pose>Unspecified</pose>
        <truncated>0</truncated>
        <occluded>0</occluded>
        <difficult>0</difficult>
        <bndbox>
            <xmin>137.44931030273438</xmin>
            <ymin>216.78382873535156</ymin>
            <xmax>155.6382293701172</xmax>
            <ymax>155.6382293701172</ymax>
        </bndbox>
    </object>
    
    <object>
        <name>helmet</name>
        <pose>Unspecified</pose>
        <truncated>0</truncated>
        <occluded>0</occluded>
        <difficult>0</difficult>
        <bndbox>
            <xmin>137.44931030273438</xmin>
            <ymin>216.78382873535156</ymin>
            <xmax>155.6382293701172</xmax>
            <ymax>155.6382293701172</ymax>
        </bndbox>
    </object>
    
    <object>
        <name>helmet</name>
        <pose>Unspecified</pose>
        <truncated>0</truncated>
        <occluded>0</occluded>
        <difficult>0</difficult>
        <bndbox>
            <xmin>137.44931030273438</xmin>
            <ymin>216.78382873535156</ymin>
            <xmax>155.6382293701172</xmax>
            <ymax>155.6382293701172</ymax>
        </bndbox>
    </object>
    
    <object>
        <name>helmet</name>
        <pose>Unspecified</pose>
        <truncated>0</truncated>
        <occluded>0</occluded>
        <difficult>0</difficult>
        <bndbox>
            <xmin>137.44931030273438</xmin>
            <ymin>216.78382873535156</ymin>
            <xmax>155.6382293701172</xmax>
            <ymax>155.6382293701172</ymax>
        </bndbox>
    </object>
    
    <object>
        <name>helmet</name>
        <pose>Unspecified</pose>
        <truncated>0</truncated>
        <occluded>0</occluded>
        <difficult>0</difficult>
        <bndbox>
            <xmin>137.44931030273438</xmin>
            <ymin>216.78382873535156</ymin>
            <xmax>155.6382293701172</xmax>
            <ymax>155.6382293701172</ymax>
        </bndbox>
    </object>
    
    <object>
        <name>helmet</name>
        <pose>Unspecified</pose>
        <truncated>0</truncated>
        <occluded>0</occluded>
        <difficult>0</difficult>
        <bndbox>
            <xmin>137.44931030273438</xmin>
            <ymin>216.78382873535156</ymin>
            <xmax>155.6382293701172</xmax>
            <ymax>155.6382293701172</ymax>
        </bndbox>
    </object>
    </annotation>