
    <annotation>
        <folder>Images</folder>
        <filename>hard_hat_workers4969.png</filename>
        <size>
            <width>416</width>
            <height>415</height>
            <depth>3</depth>
        </size>
        <segmented>0</segmented>
    
    <object>
        <name>helmet</name>
        <pose>Unspecified</pose>
        <truncated>0</truncated>
        <occluded>0</occluded>
        <difficult>0</difficult>
        <bndbox>
            <xmin>168.01515197753906</xmin>
            <ymin>179.37722778320312</ymin>
            <xmax>176.12400817871094</xmax>
            <ymax>176.12400817871094</ymax>
        </bndbox>
    </object>
    
    <object>
        <name>helmet</name>
        <pose>Unspecified</pose>
        <truncated>0</truncated>
        <occluded>0</occluded>
        <difficult>0</difficult>
        <bndbox>
            <xmin>168.01515197753906</xmin>
            <ymin>179.37722778320312</ymin>
            <xmax>176.12400817871094</xmax>
            <ymax>176.12400817871094</ymax>
        </bndbox>
    </object>
    
    <object>
        <name>helmet</name>
        <pose>Unspecified</pose>
        <truncated>0</truncated>
        <occluded>0</occluded>
        <difficult>0</difficult>
        <bndbox>
            <xmin>168.01515197753906</xmin>
            <ymin>179.37722778320312</ymin>
            <xmax>176.12400817871094</xmax>
            <ymax>176.12400817871094</ymax>
        </bndbox>
    </object>
    </annotation>