
    <annotation>
        <folder>Images</folder>
        <filename>hard_hat_workers3291.png</filename>
        <size>
            <width>416</width>
            <height>415</height>
            <depth>3</depth>
        </size>
        <segmented>0</segmented>
    
    <object>
        <name>helmet</name>
        <pose>Unspecified</pose>
        <truncated>0</truncated>
        <occluded>0</occluded>
        <difficult>0</difficult>
        <bndbox>
            <xmin>122.40594482421875</xmin>
            <ymin>222.03440856933594</ymin>
            <xmax>229.34732055664062</xmax>
            <ymax>229.34732055664062</ymax>
        </bndbox>
    </object>
    </annotation>