
    <annotation>
        <folder>Images</folder>
        <filename>hard_hat_workers3301.png</filename>
        <size>
            <width>416</width>
            <height>415</height>
            <depth>3</depth>
        </size>
        <segmented>0</segmented>
    
    <object>
        <name>helmet</name>
        <pose>Unspecified</pose>
        <truncated>0</truncated>
        <occluded>0</occluded>
        <difficult>0</difficult>
        <bndbox>
            <xmin>303.3380126953125</xmin>
            <ymin>135.7115478515625</ymin>
            <xmax>362.8135070800781</xmax>
            <ymax>362.8135070800781</ymax>
        </bndbox>
    </object>
    </annotation>