
    <annotation>
        <folder>Images</folder>
        <filename>hard_hat_workers4547.png</filename>
        <size>
            <width>416</width>
            <height>415</height>
            <depth>3</depth>
        </size>
        <segmented>0</segmented>
    
    <object>
        <name>helmet</name>
        <pose>Unspecified</pose>
        <truncated>0</truncated>
        <occluded>0</occluded>
        <difficult>0</difficult>
        <bndbox>
            <xmin>170.99887084960938</xmin>
            <ymin>133.66567993164062</ymin>
            <xmax>190.18577575683594</xmax>
            <ymax>190.18577575683594</ymax>
        </bndbox>
    </object>
    
    <object>
        <name>helmet</name>
        <pose>Unspecified</pose>
        <truncated>0</truncated>
        <occluded>0</occluded>
        <difficult>0</difficult>
        <bndbox>
            <xmin>170.99887084960938</xmin>
            <ymin>133.66567993164062</ymin>
            <xmax>190.18577575683594</xmax>
            <ymax>190.18577575683594</ymax>
        </bndbox>
    </object>
    </annotation>