
    <annotation>
        <folder>Images</folder>
        <filename>hard_hat_workers237.png</filename>
        <size>
            <width>416</width>
            <height>415</height>
            <depth>3</depth>
        </size>
        <segmented>0</segmented>
    
    <object>
        <name>helmet</name>
        <pose>Unspecified</pose>
        <truncated>0</truncated>
        <occluded>0</occluded>
        <difficult>0</difficult>
        <bndbox>
            <xmin>173.28855895996094</xmin>
            <ymin>145.08872985839844</ymin>
            <xmax>230.83973693847656</xmax>
            <ymax>230.83973693847656</ymax>
        </bndbox>
    </object>
    </annotation>