
    <annotation>
        <folder>Images</folder>
        <filename>hard_hat_workers630.png</filename>
        <size>
            <width>416</width>
            <height>415</height>
            <depth>3</depth>
        </size>
        <segmented>0</segmented>
    
    <object>
        <name>helmet</name>
        <pose>Unspecified</pose>
        <truncated>0</truncated>
        <occluded>0</occluded>
        <difficult>0</difficult>
        <bndbox>
            <xmin>154.55020141601562</xmin>
            <ymin>7.441215515136719</ymin>
            <xmax>247.74420166015625</xmax>
            <ymax>247.74420166015625</ymax>
        </bndbox>
    </object>
    </annotation>