
    <annotation>
        <folder>Images</folder>
        <filename>hard_hat_workers3180.png</filename>
        <size>
            <width>416</width>
            <height>415</height>
            <depth>3</depth>
        </size>
        <segmented>0</segmented>
    
    <object>
        <name>helmet</name>
        <pose>Unspecified</pose>
        <truncated>0</truncated>
        <occluded>0</occluded>
        <difficult>0</difficult>
        <bndbox>
            <xmin>118.59584045410156</xmin>
            <ymin>403.98712158203125</ymin>
            <xmax>139.15272521972656</xmax>
            <ymax>139.15272521972656</ymax>
        </bndbox>
    </object>
    
    <object>
        <name>helmet</name>
        <pose>Unspecified</pose>
        <truncated>0</truncated>
        <occluded>0</occluded>
        <difficult>0</difficult>
        <bndbox>
            <xmin>118.59584045410156</xmin>
            <ymin>403.98712158203125</ymin>
            <xmax>139.15272521972656</xmax>
            <ymax>139.15272521972656</ymax>
        </bndbox>
    </object>
    
    <object>
        <name>helmet</name>
        <pose>Unspecified</pose>
        <truncated>0</truncated>
        <occluded>0</occluded>
        <difficult>0</difficult>
        <bndbox>
            <xmin>118.59584045410156</xmin>
            <ymin>403.98712158203125</ymin>
            <xmax>139.15272521972656</xmax>
            <ymax>139.15272521972656</ymax>
        </bndbox>
    </object>
    
    <object>
        <name>helmet</name>
        <pose>Unspecified</pose>
        <truncated>0</truncated>
        <occluded>0</occluded>
        <difficult>0</difficult>
        <bndbox>
            <xmin>118.59584045410156</xmin>
            <ymin>403.98712158203125</ymin>
            <xmax>139.15272521972656</xmax>
            <ymax>139.15272521972656</ymax>
        </bndbox>
    </object>
    
    <object>
        <name>helmet</name>
        <pose>Unspecified</pose>
        <truncated>0</truncated>
        <occluded>0</occluded>
        <difficult>0</difficult>
        <bndbox>
            <xmin>118.59584045410156</xmin>
            <ymin>403.98712158203125</ymin>
            <xmax>139.15272521972656</xmax>
            <ymax>139.15272521972656</ymax>
        </bndbox>
    </object>
    
    <object>
        <name>helmet</name>
        <pose>Unspecified</pose>
        <truncated>0</truncated>
        <occluded>0</occluded>
        <difficult>0</difficult>
        <bndbox>
            <xmin>118.59584045410156</xmin>
            <ymin>403.98712158203125</ymin>
            <xmax>139.15272521972656</xmax>
            <ymax>139.15272521972656</ymax>
        </bndbox>
    </object>
    
    <object>
        <name>helmet</name>
        <pose>Unspecified</pose>
        <truncated>0</truncated>
        <occluded>0</occluded>
        <difficult>0</difficult>
        <bndbox>
            <xmin>118.59584045410156</xmin>
            <ymin>403.98712158203125</ymin>
            <xmax>139.15272521972656</xmax>
            <ymax>139.15272521972656</ymax>
        </bndbox>
    </object>
    </annotation>