
    <annotation>
        <folder>Images</folder>
        <filename>hard_hat_workers581.png</filename>
        <size>
            <width>416</width>
            <height>415</height>
            <depth>3</depth>
        </size>
        <segmented>0</segmented>
    
    <object>
        <name>helmet</name>
        <pose>Unspecified</pose>
        <truncated>0</truncated>
        <occluded>0</occluded>
        <difficult>0</difficult>
        <bndbox>
            <xmin>356.5633239746094</xmin>
            <ymin>0.0</ymin>
            <xmax>397.8891906738281</xmax>
            <ymax>397.8891906738281</ymax>
        </bndbox>
    </object>
    
    <object>
        <name>helmet</name>
        <pose>Unspecified</pose>
        <truncated>0</truncated>
        <occluded>0</occluded>
        <difficult>0</difficult>
        <bndbox>
            <xmin>356.5633239746094</xmin>
            <ymin>0.0</ymin>
            <xmax>397.8891906738281</xmax>
            <ymax>397.8891906738281</ymax>
        </bndbox>
    </object>
    </annotation>