
    <annotation>
        <folder>Images</folder>
        <filename>hard_hat_workers2705.png</filename>
        <size>
            <width>416</width>
            <height>415</height>
            <depth>3</depth>
        </size>
        <segmented>0</segmented>
    
    <object>
        <name>helmet</name>
        <pose>Unspecified</pose>
        <truncated>0</truncated>
        <occluded>0</occluded>
        <difficult>0</difficult>
        <bndbox>
            <xmin>166.75689697265625</xmin>
            <ymin>238.49241638183594</ymin>
            <xmax>193.01174926757812</xmax>
            <ymax>193.01174926757812</ymax>
        </bndbox>
    </object>
    
    <object>
        <name>helmet</name>
        <pose>Unspecified</pose>
        <truncated>0</truncated>
        <occluded>0</occluded>
        <difficult>0</difficult>
        <bndbox>
            <xmin>166.75689697265625</xmin>
            <ymin>238.49241638183594</ymin>
            <xmax>193.01174926757812</xmax>
            <ymax>193.01174926757812</ymax>
        </bndbox>
    </object>
    
    <object>
        <name>helmet</name>
        <pose>Unspecified</pose>
        <truncated>0</truncated>
        <occluded>0</occluded>
        <difficult>0</difficult>
        <bndbox>
            <xmin>166.75689697265625</xmin>
            <ymin>238.49241638183594</ymin>
            <xmax>193.01174926757812</xmax>
            <ymax>193.01174926757812</ymax>
        </bndbox>
    </object>
    
    <object>
        <name>helmet</name>
        <pose>Unspecified</pose>
        <truncated>0</truncated>
        <occluded>0</occluded>
        <difficult>0</difficult>
        <bndbox>
            <xmin>166.75689697265625</xmin>
            <ymin>238.49241638183594</ymin>
            <xmax>193.01174926757812</xmax>
            <ymax>193.01174926757812</ymax>
        </bndbox>
    </object>
    </annotation>