
    <annotation>
        <folder>Images</folder>
        <filename>hard_hat_workers2441.png</filename>
        <size>
            <width>416</width>
            <height>415</height>
            <depth>3</depth>
        </size>
        <segmented>0</segmented>
    
    <object>
        <name>helmet</name>
        <pose>Unspecified</pose>
        <truncated>0</truncated>
        <occluded>0</occluded>
        <difficult>0</difficult>
        <bndbox>
            <xmin>270.3262634277344</xmin>
            <ymin>114.75881958007812</ymin>
            <xmax>287.7809753417969</xmax>
            <ymax>287.7809753417969</ymax>
        </bndbox>
    </object>
    
    <object>
        <name>helmet</name>
        <pose>Unspecified</pose>
        <truncated>0</truncated>
        <occluded>0</occluded>
        <difficult>0</difficult>
        <bndbox>
            <xmin>270.3262634277344</xmin>
            <ymin>114.75881958007812</ymin>
            <xmax>287.7809753417969</xmax>
            <ymax>287.7809753417969</ymax>
        </bndbox>
    </object>
    
    <object>
        <name>helmet</name>
        <pose>Unspecified</pose>
        <truncated>0</truncated>
        <occluded>0</occluded>
        <difficult>0</difficult>
        <bndbox>
            <xmin>270.3262634277344</xmin>
            <ymin>114.75881958007812</ymin>
            <xmax>287.7809753417969</xmax>
            <ymax>287.7809753417969</ymax>
        </bndbox>
    </object>
    </annotation>