
    <annotation>
        <folder>Images</folder>
        <filename>hard_hat_workers2365.png</filename>
        <size>
            <width>416</width>
            <height>415</height>
            <depth>3</depth>
        </size>
        <segmented>0</segmented>
    
    <object>
        <name>helmet</name>
        <pose>Unspecified</pose>
        <truncated>0</truncated>
        <occluded>0</occluded>
        <difficult>0</difficult>
        <bndbox>
            <xmin>223.44570922851562</xmin>
            <ymin>39.89202117919922</ymin>
            <xmax>238.35983276367188</xmax>
            <ymax>238.35983276367188</ymax>
        </bndbox>
    </object>
    </annotation>