
    <annotation>
        <folder>Images</folder>
        <filename>hard_hat_workers273.png</filename>
        <size>
            <width>416</width>
            <height>415</height>
            <depth>3</depth>
        </size>
        <segmented>0</segmented>
    
    <object>
        <name>helmet</name>
        <pose>Unspecified</pose>
        <truncated>0</truncated>
        <occluded>0</occluded>
        <difficult>0</difficult>
        <bndbox>
            <xmin>139.63458251953125</xmin>
            <ymin>57.32288360595703</ymin>
            <xmax>153.97286987304688</xmax>
            <ymax>153.97286987304688</ymax>
        </bndbox>
    </object>
    
    <object>
        <name>helmet</name>
        <pose>Unspecified</pose>
        <truncated>0</truncated>
        <occluded>0</occluded>
        <difficult>0</difficult>
        <bndbox>
            <xmin>139.63458251953125</xmin>
            <ymin>57.32288360595703</ymin>
            <xmax>153.97286987304688</xmax>
            <ymax>153.97286987304688</ymax>
        </bndbox>
    </object>
    
    <object>
        <name>helmet</name>
        <pose>Unspecified</pose>
        <truncated>0</truncated>
        <occluded>0</occluded>
        <difficult>0</difficult>
        <bndbox>
            <xmin>139.63458251953125</xmin>
            <ymin>57.32288360595703</ymin>
            <xmax>153.97286987304688</xmax>
            <ymax>153.97286987304688</ymax>
        </bndbox>
    </object>
    </annotation>