
    <annotation>
        <folder>Images</folder>
        <filename>hard_hat_workers1031.png</filename>
        <size>
            <width>416</width>
            <height>415</height>
            <depth>3</depth>
        </size>
        <segmented>0</segmented>
    
    <object>
        <name>helmet</name>
        <pose>Unspecified</pose>
        <truncated>0</truncated>
        <occluded>0</occluded>
        <difficult>0</difficult>
        <bndbox>
            <xmin>286.0965881347656</xmin>
            <ymin>2.656829833984375</ymin>
            <xmax>318.1236267089844</xmax>
            <ymax>318.1236267089844</ymax>
        </bndbox>
    </object>
    
    <object>
        <name>helmet</name>
        <pose>Unspecified</pose>
        <truncated>0</truncated>
        <occluded>0</occluded>
        <difficult>0</difficult>
        <bndbox>
            <xmin>286.0965881347656</xmin>
            <ymin>2.656829833984375</ymin>
            <xmax>318.1236267089844</xmax>
            <ymax>318.1236267089844</ymax>
        </bndbox>
    </object>
    
    <object>
        <name>helmet</name>
        <pose>Unspecified</pose>
        <truncated>0</truncated>
        <occluded>0</occluded>
        <difficult>0</difficult>
        <bndbox>
            <xmin>286.0965881347656</xmin>
            <ymin>2.656829833984375</ymin>
            <xmax>318.1236267089844</xmax>
            <ymax>318.1236267089844</ymax>
        </bndbox>
    </object>
    </annotation>