
    <annotation>
        <folder>Images</folder>
        <filename>hard_hat_workers91.png</filename>
        <size>
            <width>416</width>
            <height>415</height>
            <depth>3</depth>
        </size>
        <segmented>0</segmented>
    
    <object>
        <name>helmet</name>
        <pose>Unspecified</pose>
        <truncated>0</truncated>
        <occluded>0</occluded>
        <difficult>0</difficult>
        <bndbox>
            <xmin>70.20316314697266</xmin>
            <ymin>24.842426300048828</ymin>
            <xmax>87.45970916748047</xmax>
            <ymax>87.45970916748047</ymax>
        </bndbox>
    </object>
    
    <object>
        <name>helmet</name>
        <pose>Unspecified</pose>
        <truncated>0</truncated>
        <occluded>0</occluded>
        <difficult>0</difficult>
        <bndbox>
            <xmin>70.20316314697266</xmin>
            <ymin>24.842426300048828</ymin>
            <xmax>87.45970916748047</xmax>
            <ymax>87.45970916748047</ymax>
        </bndbox>
    </object>
    
    <object>
        <name>helmet</name>
        <pose>Unspecified</pose>
        <truncated>0</truncated>
        <occluded>0</occluded>
        <difficult>0</difficult>
        <bndbox>
            <xmin>70.20316314697266</xmin>
            <ymin>24.842426300048828</ymin>
            <xmax>87.45970916748047</xmax>
            <ymax>87.45970916748047</ymax>
        </bndbox>
    </object>
    
    <object>
        <name>helmet</name>
        <pose>Unspecified</pose>
        <truncated>0</truncated>
        <occluded>0</occluded>
        <difficult>0</difficult>
        <bndbox>
            <xmin>70.20316314697266</xmin>
            <ymin>24.842426300048828</ymin>
            <xmax>87.45970916748047</xmax>
            <ymax>87.45970916748047</ymax>
        </bndbox>
    </object>
    
    <object>
        <name>helmet</name>
        <pose>Unspecified</pose>
        <truncated>0</truncated>
        <occluded>0</occluded>
        <difficult>0</difficult>
        <bndbox>
            <xmin>70.20316314697266</xmin>
            <ymin>24.842426300048828</ymin>
            <xmax>87.45970916748047</xmax>
            <ymax>87.45970916748047</ymax>
        </bndbox>
    </object>
    
    <object>
        <name>helmet</name>
        <pose>Unspecified</pose>
        <truncated>0</truncated>
        <occluded>0</occluded>
        <difficult>0</difficult>
        <bndbox>
            <xmin>70.20316314697266</xmin>
            <ymin>24.842426300048828</ymin>
            <xmax>87.45970916748047</xmax>
            <ymax>87.45970916748047</ymax>
        </bndbox>
    </object>
    
    <object>
        <name>helmet</name>
        <pose>Unspecified</pose>
        <truncated>0</truncated>
        <occluded>0</occluded>
        <difficult>0</difficult>
        <bndbox>
            <xmin>70.20316314697266</xmin>
            <ymin>24.842426300048828</ymin>
            <xmax>87.45970916748047</xmax>
            <ymax>87.45970916748047</ymax>
        </bndbox>
    </object>
    </annotation>