
    <annotation>
        <folder>Images</folder>
        <filename>hard_hat_workers1673.png</filename>
        <size>
            <width>416</width>
            <height>415</height>
            <depth>3</depth>
        </size>
        <segmented>0</segmented>
    
    <object>
        <name>helmet</name>
        <pose>Unspecified</pose>
        <truncated>0</truncated>
        <occluded>0</occluded>
        <difficult>0</difficult>
        <bndbox>
            <xmin>127.54362487792969</xmin>
            <ymin>2.123636245727539</ymin>
            <xmax>191.60028076171875</xmax>
            <ymax>191.60028076171875</ymax>
        </bndbox>
    </object>
    
    <object>
        <name>helmet</name>
        <pose>Unspecified</pose>
        <truncated>0</truncated>
        <occluded>0</occluded>
        <difficult>0</difficult>
        <bndbox>
            <xmin>127.54362487792969</xmin>
            <ymin>2.123636245727539</ymin>
            <xmax>191.60028076171875</xmax>
            <ymax>191.60028076171875</ymax>
        </bndbox>
    </object>
    </annotation>