
    <annotation>
        <folder>Images</folder>
        <filename>hard_hat_workers834.png</filename>
        <size>
            <width>416</width>
            <height>415</height>
            <depth>3</depth>
        </size>
        <segmented>0</segmented>
    
    <object>
        <name>helmet</name>
        <pose>Unspecified</pose>
        <truncated>0</truncated>
        <occluded>0</occluded>
        <difficult>0</difficult>
        <bndbox>
            <xmin>0.8741588592529297</xmin>
            <ymin>0.5896694660186768</ymin>
            <xmax>20.0229549407959</xmax>
            <ymax>20.0229549407959</ymax>
        </bndbox>
    </object>
    
    <object>
        <name>helmet</name>
        <pose>Unspecified</pose>
        <truncated>0</truncated>
        <occluded>0</occluded>
        <difficult>0</difficult>
        <bndbox>
            <xmin>0.8741588592529297</xmin>
            <ymin>0.5896694660186768</ymin>
            <xmax>20.0229549407959</xmax>
            <ymax>20.0229549407959</ymax>
        </bndbox>
    </object>
    
    <object>
        <name>helmet</name>
        <pose>Unspecified</pose>
        <truncated>0</truncated>
        <occluded>0</occluded>
        <difficult>0</difficult>
        <bndbox>
            <xmin>0.8741588592529297</xmin>
            <ymin>0.5896694660186768</ymin>
            <xmax>20.0229549407959</xmax>
            <ymax>20.0229549407959</ymax>
        </bndbox>
    </object>
    
    <object>
        <name>helmet</name>
        <pose>Unspecified</pose>
        <truncated>0</truncated>
        <occluded>0</occluded>
        <difficult>0</difficult>
        <bndbox>
            <xmin>0.8741588592529297</xmin>
            <ymin>0.5896694660186768</ymin>
            <xmax>20.0229549407959</xmax>
            <ymax>20.0229549407959</ymax>
        </bndbox>
    </object>
    
    <object>
        <name>helmet</name>
        <pose>Unspecified</pose>
        <truncated>0</truncated>
        <occluded>0</occluded>
        <difficult>0</difficult>
        <bndbox>
            <xmin>0.8741588592529297</xmin>
            <ymin>0.5896694660186768</ymin>
            <xmax>20.0229549407959</xmax>
            <ymax>20.0229549407959</ymax>
        </bndbox>
    </object>
    
    <object>
        <name>helmet</name>
        <pose>Unspecified</pose>
        <truncated>0</truncated>
        <occluded>0</occluded>
        <difficult>0</difficult>
        <bndbox>
            <xmin>0.8741588592529297</xmin>
            <ymin>0.5896694660186768</ymin>
            <xmax>20.0229549407959</xmax>
            <ymax>20.0229549407959</ymax>
        </bndbox>
    </object>
    
    <object>
        <name>helmet</name>
        <pose>Unspecified</pose>
        <truncated>0</truncated>
        <occluded>0</occluded>
        <difficult>0</difficult>
        <bndbox>
            <xmin>0.8741588592529297</xmin>
            <ymin>0.5896694660186768</ymin>
            <xmax>20.0229549407959</xmax>
            <ymax>20.0229549407959</ymax>
        </bndbox>
    </object>
    </annotation>