
    <annotation>
        <folder>Images</folder>
        <filename>hard_hat_workers1854.png</filename>
        <size>
            <width>416</width>
            <height>415</height>
            <depth>3</depth>
        </size>
        <segmented>0</segmented>
    
    <object>
        <name>helmet</name>
        <pose>Unspecified</pose>
        <truncated>0</truncated>
        <occluded>0</occluded>
        <difficult>0</difficult>
        <bndbox>
            <xmin>206.82052612304688</xmin>
            <ymin>76.76460266113281</ymin>
            <xmax>289.5498046875</xmax>
            <ymax>289.5498046875</ymax>
        </bndbox>
    </object>
    </annotation>