
    <annotation>
        <folder>Images</folder>
        <filename>hard_hat_workers4840.png</filename>
        <size>
            <width>416</width>
            <height>415</height>
            <depth>3</depth>
        </size>
        <segmented>0</segmented>
    
    <object>
        <name>helmet</name>
        <pose>Unspecified</pose>
        <truncated>0</truncated>
        <occluded>0</occluded>
        <difficult>0</difficult>
        <bndbox>
            <xmin>70.97219848632812</xmin>
            <ymin>161.1480712890625</ymin>
            <xmax>92.90753173828125</xmax>
            <ymax>92.90753173828125</ymax>
        </bndbox>
    </object>
    
    <object>
        <name>helmet</name>
        <pose>Unspecified</pose>
        <truncated>0</truncated>
        <occluded>0</occluded>
        <difficult>0</difficult>
        <bndbox>
            <xmin>70.97219848632812</xmin>
            <ymin>161.1480712890625</ymin>
            <xmax>92.90753173828125</xmax>
            <ymax>92.90753173828125</ymax>
        </bndbox>
    </object>
    </annotation>