
    <annotation>
        <folder>Images</folder>
        <filename>hard_hat_workers1228.png</filename>
        <size>
            <width>416</width>
            <height>415</height>
            <depth>3</depth>
        </size>
        <segmented>0</segmented>
    
    <object>
        <name>helmet</name>
        <pose>Unspecified</pose>
        <truncated>0</truncated>
        <occluded>0</occluded>
        <difficult>0</difficult>
        <bndbox>
            <xmin>170.9605255126953</xmin>
            <ymin>176.13681030273438</ymin>
            <xmax>191.78599548339844</xmax>
            <ymax>191.78599548339844</ymax>
        </bndbox>
    </object>
    
    <object>
        <name>helmet</name>
        <pose>Unspecified</pose>
        <truncated>0</truncated>
        <occluded>0</occluded>
        <difficult>0</difficult>
        <bndbox>
            <xmin>170.9605255126953</xmin>
            <ymin>176.13681030273438</ymin>
            <xmax>191.78599548339844</xmax>
            <ymax>191.78599548339844</ymax>
        </bndbox>
    </object>
    
    <object>
        <name>helmet</name>
        <pose>Unspecified</pose>
        <truncated>0</truncated>
        <occluded>0</occluded>
        <difficult>0</difficult>
        <bndbox>
            <xmin>170.9605255126953</xmin>
            <ymin>176.13681030273438</ymin>
            <xmax>191.78599548339844</xmax>
            <ymax>191.78599548339844</ymax>
        </bndbox>
    </object>
    </annotation>