
    <annotation>
        <folder>Images</folder>
        <filename>hard_hat_workers1018.png</filename>
        <size>
            <width>416</width>
            <height>415</height>
            <depth>3</depth>
        </size>
        <segmented>0</segmented>
    
    <object>
        <name>helmet</name>
        <pose>Unspecified</pose>
        <truncated>0</truncated>
        <occluded>0</occluded>
        <difficult>0</difficult>
        <bndbox>
            <xmin>228.12283325195312</xmin>
            <ymin>53.54620361328125</ymin>
            <xmax>282.2352600097656</xmax>
            <ymax>282.2352600097656</ymax>
        </bndbox>
    </object>
    
    <object>
        <name>helmet</name>
        <pose>Unspecified</pose>
        <truncated>0</truncated>
        <occluded>0</occluded>
        <difficult>0</difficult>
        <bndbox>
            <xmin>228.12283325195312</xmin>
            <ymin>53.54620361328125</ymin>
            <xmax>282.2352600097656</xmax>
            <ymax>282.2352600097656</ymax>
        </bndbox>
    </object>
    
    <object>
        <name>helmet</name>
        <pose>Unspecified</pose>
        <truncated>0</truncated>
        <occluded>0</occluded>
        <difficult>0</difficult>
        <bndbox>
            <xmin>228.12283325195312</xmin>
            <ymin>53.54620361328125</ymin>
            <xmax>282.2352600097656</xmax>
            <ymax>282.2352600097656</ymax>
        </bndbox>
    </object>
    
    <object>
        <name>helmet</name>
        <pose>Unspecified</pose>
        <truncated>0</truncated>
        <occluded>0</occluded>
        <difficult>0</difficult>
        <bndbox>
            <xmin>228.12283325195312</xmin>
            <ymin>53.54620361328125</ymin>
            <xmax>282.2352600097656</xmax>
            <ymax>282.2352600097656</ymax>
        </bndbox>
    </object>
    
    <object>
        <name>helmet</name>
        <pose>Unspecified</pose>
        <truncated>0</truncated>
        <occluded>0</occluded>
        <difficult>0</difficult>
        <bndbox>
            <xmin>228.12283325195312</xmin>
            <ymin>53.54620361328125</ymin>
            <xmax>282.2352600097656</xmax>
            <ymax>282.2352600097656</ymax>
        </bndbox>
    </object>
    </annotation>