
    <annotation>
        <folder>Images</folder>
        <filename>hard_hat_workers1548.png</filename>
        <size>
            <width>416</width>
            <height>415</height>
            <depth>3</depth>
        </size>
        <segmented>0</segmented>
    
    <object>
        <name>helmet</name>
        <pose>Unspecified</pose>
        <truncated>0</truncated>
        <occluded>0</occluded>
        <difficult>0</difficult>
        <bndbox>
            <xmin>408.0390319824219</xmin>
            <ymin>51.84550476074219</ymin>
            <xmax>415.9748840332031</xmax>
            <ymax>415.9748840332031</ymax>
        </bndbox>
    </object>
    
    <object>
        <name>helmet</name>
        <pose>Unspecified</pose>
        <truncated>0</truncated>
        <occluded>0</occluded>
        <difficult>0</difficult>
        <bndbox>
            <xmin>408.0390319824219</xmin>
            <ymin>51.84550476074219</ymin>
            <xmax>415.9748840332031</xmax>
            <ymax>415.9748840332031</ymax>
        </bndbox>
    </object>
    
    <object>
        <name>helmet</name>
        <pose>Unspecified</pose>
        <truncated>0</truncated>
        <occluded>0</occluded>
        <difficult>0</difficult>
        <bndbox>
            <xmin>408.0390319824219</xmin>
            <ymin>51.84550476074219</ymin>
            <xmax>415.9748840332031</xmax>
            <ymax>415.9748840332031</ymax>
        </bndbox>
    </object>
    
    <object>
        <name>helmet</name>
        <pose>Unspecified</pose>
        <truncated>0</truncated>
        <occluded>0</occluded>
        <difficult>0</difficult>
        <bndbox>
            <xmin>408.0390319824219</xmin>
            <ymin>51.84550476074219</ymin>
            <xmax>415.9748840332031</xmax>
            <ymax>415.9748840332031</ymax>
        </bndbox>
    </object>
    </annotation>