
    <annotation>
        <folder>Images</folder>
        <filename>hard_hat_workers4905.png</filename>
        <size>
            <width>416</width>
            <height>415</height>
            <depth>3</depth>
        </size>
        <segmented>0</segmented>
    
    <object>
        <name>helmet</name>
        <pose>Unspecified</pose>
        <truncated>0</truncated>
        <occluded>0</occluded>
        <difficult>0</difficult>
        <bndbox>
            <xmin>277.905029296875</xmin>
            <ymin>189.38079833984375</ymin>
            <xmax>298.4189758300781</xmax>
            <ymax>298.4189758300781</ymax>
        </bndbox>
    </object>
    
    <object>
        <name>helmet</name>
        <pose>Unspecified</pose>
        <truncated>0</truncated>
        <occluded>0</occluded>
        <difficult>0</difficult>
        <bndbox>
            <xmin>277.905029296875</xmin>
            <ymin>189.38079833984375</ymin>
            <xmax>298.4189758300781</xmax>
            <ymax>298.4189758300781</ymax>
        </bndbox>
    </object>
    
    <object>
        <name>helmet</name>
        <pose>Unspecified</pose>
        <truncated>0</truncated>
        <occluded>0</occluded>
        <difficult>0</difficult>
        <bndbox>
            <xmin>277.905029296875</xmin>
            <ymin>189.38079833984375</ymin>
            <xmax>298.4189758300781</xmax>
            <ymax>298.4189758300781</ymax>
        </bndbox>
    </object>
    
    <object>
        <name>helmet</name>
        <pose>Unspecified</pose>
        <truncated>0</truncated>
        <occluded>0</occluded>
        <difficult>0</difficult>
        <bndbox>
            <xmin>277.905029296875</xmin>
            <ymin>189.38079833984375</ymin>
            <xmax>298.4189758300781</xmax>
            <ymax>298.4189758300781</ymax>
        </bndbox>
    </object>
    
    <object>
        <name>helmet</name>
        <pose>Unspecified</pose>
        <truncated>0</truncated>
        <occluded>0</occluded>
        <difficult>0</difficult>
        <bndbox>
            <xmin>277.905029296875</xmin>
            <ymin>189.38079833984375</ymin>
            <xmax>298.4189758300781</xmax>
            <ymax>298.4189758300781</ymax>
        </bndbox>
    </object>
    </annotation>