
    <annotation>
        <folder>Images</folder>
        <filename>hard_hat_workers641.png</filename>
        <size>
            <width>416</width>
            <height>415</height>
            <depth>3</depth>
        </size>
        <segmented>0</segmented>
    
    <object>
        <name>helmet</name>
        <pose>Unspecified</pose>
        <truncated>0</truncated>
        <occluded>0</occluded>
        <difficult>0</difficult>
        <bndbox>
            <xmin>110.77733612060547</xmin>
            <ymin>166.88348388671875</ymin>
            <xmax>125.53839874267578</xmax>
            <ymax>125.53839874267578</ymax>
        </bndbox>
    </object>
    </annotation>