
    <annotation>
        <folder>Images</folder>
        <filename>hard_hat_workers4851.png</filename>
        <size>
            <width>416</width>
            <height>415</height>
            <depth>3</depth>
        </size>
        <segmented>0</segmented>
    
    <object>
        <name>helmet</name>
        <pose>Unspecified</pose>
        <truncated>0</truncated>
        <occluded>0</occluded>
        <difficult>0</difficult>
        <bndbox>
            <xmin>322.27203369140625</xmin>
            <ymin>255.5609130859375</ymin>
            <xmax>383.5352478027344</xmax>
            <ymax>383.5352478027344</ymax>
        </bndbox>
    </object>
    
    <object>
        <name>helmet</name>
        <pose>Unspecified</pose>
        <truncated>0</truncated>
        <occluded>0</occluded>
        <difficult>0</difficult>
        <bndbox>
            <xmin>322.27203369140625</xmin>
            <ymin>255.5609130859375</ymin>
            <xmax>383.5352478027344</xmax>
            <ymax>383.5352478027344</ymax>
        </bndbox>
    </object>
    </annotation>