
    <annotation>
        <folder>Images</folder>
        <filename>hard_hat_workers2617.png</filename>
        <size>
            <width>416</width>
            <height>415</height>
            <depth>3</depth>
        </size>
        <segmented>0</segmented>
    
    <object>
        <name>helmet</name>
        <pose>Unspecified</pose>
        <truncated>0</truncated>
        <occluded>0</occluded>
        <difficult>0</difficult>
        <bndbox>
            <xmin>169.67691040039062</xmin>
            <ymin>185.07949829101562</ymin>
            <xmax>189.98326110839844</xmax>
            <ymax>189.98326110839844</ymax>
        </bndbox>
    </object>
    
    <object>
        <name>helmet</name>
        <pose>Unspecified</pose>
        <truncated>0</truncated>
        <occluded>0</occluded>
        <difficult>0</difficult>
        <bndbox>
            <xmin>169.67691040039062</xmin>
            <ymin>185.07949829101562</ymin>
            <xmax>189.98326110839844</xmax>
            <ymax>189.98326110839844</ymax>
        </bndbox>
    </object>
    
    <object>
        <name>helmet</name>
        <pose>Unspecified</pose>
        <truncated>0</truncated>
        <occluded>0</occluded>
        <difficult>0</difficult>
        <bndbox>
            <xmin>169.67691040039062</xmin>
            <ymin>185.07949829101562</ymin>
            <xmax>189.98326110839844</xmax>
            <ymax>189.98326110839844</ymax>
        </bndbox>
    </object>
    </annotation>