
    <annotation>
        <folder>Images</folder>
        <filename>hard_hat_workers3044.png</filename>
        <size>
            <width>416</width>
            <height>415</height>
            <depth>3</depth>
        </size>
        <segmented>0</segmented>
    
    <object>
        <name>helmet</name>
        <pose>Unspecified</pose>
        <truncated>0</truncated>
        <occluded>0</occluded>
        <difficult>0</difficult>
        <bndbox>
            <xmin>51.34297180175781</xmin>
            <ymin>10.742874145507812</ymin>
            <xmax>89.51406860351562</xmax>
            <ymax>89.51406860351562</ymax>
        </bndbox>
    </object>
    
    <object>
        <name>helmet</name>
        <pose>Unspecified</pose>
        <truncated>0</truncated>
        <occluded>0</occluded>
        <difficult>0</difficult>
        <bndbox>
            <xmin>51.34297180175781</xmin>
            <ymin>10.742874145507812</ymin>
            <xmax>89.51406860351562</xmax>
            <ymax>89.51406860351562</ymax>
        </bndbox>
    </object>
    
    <object>
        <name>helmet</name>
        <pose>Unspecified</pose>
        <truncated>0</truncated>
        <occluded>0</occluded>
        <difficult>0</difficult>
        <bndbox>
            <xmin>51.34297180175781</xmin>
            <ymin>10.742874145507812</ymin>
            <xmax>89.51406860351562</xmax>
            <ymax>89.51406860351562</ymax>
        </bndbox>
    </object>
    
    <object>
        <name>helmet</name>
        <pose>Unspecified</pose>
        <truncated>0</truncated>
        <occluded>0</occluded>
        <difficult>0</difficult>
        <bndbox>
            <xmin>51.34297180175781</xmin>
            <ymin>10.742874145507812</ymin>
            <xmax>89.51406860351562</xmax>
            <ymax>89.51406860351562</ymax>
        </bndbox>
    </object>
    
    <object>
        <name>helmet</name>
        <pose>Unspecified</pose>
        <truncated>0</truncated>
        <occluded>0</occluded>
        <difficult>0</difficult>
        <bndbox>
            <xmin>51.34297180175781</xmin>
            <ymin>10.742874145507812</ymin>
            <xmax>89.51406860351562</xmax>
            <ymax>89.51406860351562</ymax>
        </bndbox>
    </object>
    </annotation>