
    <annotation>
        <folder>Images</folder>
        <filename>hard_hat_workers1072.png</filename>
        <size>
            <width>416</width>
            <height>415</height>
            <depth>3</depth>
        </size>
        <segmented>0</segmented>
    
    <object>
        <name>helmet</name>
        <pose>Unspecified</pose>
        <truncated>0</truncated>
        <occluded>0</occluded>
        <difficult>0</difficult>
        <bndbox>
            <xmin>223.14793395996094</xmin>
            <ymin>13.906359672546387</ymin>
            <xmax>239.7628936767578</xmax>
            <ymax>239.7628936767578</ymax>
        </bndbox>
    </object>
    
    <object>
        <name>helmet</name>
        <pose>Unspecified</pose>
        <truncated>0</truncated>
        <occluded>0</occluded>
        <difficult>0</difficult>
        <bndbox>
            <xmin>223.14793395996094</xmin>
            <ymin>13.906359672546387</ymin>
            <xmax>239.7628936767578</xmax>
            <ymax>239.7628936767578</ymax>
        </bndbox>
    </object>
    </annotation>