
    <annotation>
        <folder>Images</folder>
        <filename>hard_hat_workers952.png</filename>
        <size>
            <width>416</width>
            <height>415</height>
            <depth>3</depth>
        </size>
        <segmented>0</segmented>
    
    <object>
        <name>helmet</name>
        <pose>Unspecified</pose>
        <truncated>0</truncated>
        <occluded>0</occluded>
        <difficult>0</difficult>
        <bndbox>
            <xmin>188.69091796875</xmin>
            <ymin>1.8209123611450195</ymin>
            <xmax>226.73663330078125</xmax>
            <ymax>226.73663330078125</ymax>
        </bndbox>
    </object>
    </annotation>