
    <annotation>
        <folder>Images</folder>
        <filename>hard_hat_workers2408.png</filename>
        <size>
            <width>416</width>
            <height>415</height>
            <depth>3</depth>
        </size>
        <segmented>0</segmented>
    
    <object>
        <name>helmet</name>
        <pose>Unspecified</pose>
        <truncated>0</truncated>
        <occluded>0</occluded>
        <difficult>0</difficult>
        <bndbox>
            <xmin>113.09434509277344</xmin>
            <ymin>157.97903442382812</ymin>
            <xmax>121.51520538330078</xmax>
            <ymax>121.51520538330078</ymax>
        </bndbox>
    </object>
    
    <object>
        <name>helmet</name>
        <pose>Unspecified</pose>
        <truncated>0</truncated>
        <occluded>0</occluded>
        <difficult>0</difficult>
        <bndbox>
            <xmin>113.09434509277344</xmin>
            <ymin>157.97903442382812</ymin>
            <xmax>121.51520538330078</xmax>
            <ymax>121.51520538330078</ymax>
        </bndbox>
    </object>
    
    <object>
        <name>helmet</name>
        <pose>Unspecified</pose>
        <truncated>0</truncated>
        <occluded>0</occluded>
        <difficult>0</difficult>
        <bndbox>
            <xmin>113.09434509277344</xmin>
            <ymin>157.97903442382812</ymin>
            <xmax>121.51520538330078</xmax>
            <ymax>121.51520538330078</ymax>
        </bndbox>
    </object>
    
    <object>
        <name>helmet</name>
        <pose>Unspecified</pose>
        <truncated>0</truncated>
        <occluded>0</occluded>
        <difficult>0</difficult>
        <bndbox>
            <xmin>113.09434509277344</xmin>
            <ymin>157.97903442382812</ymin>
            <xmax>121.51520538330078</xmax>
            <ymax>121.51520538330078</ymax>
        </bndbox>
    </object>
    
    <object>
        <name>helmet</name>
        <pose>Unspecified</pose>
        <truncated>0</truncated>
        <occluded>0</occluded>
        <difficult>0</difficult>
        <bndbox>
            <xmin>113.09434509277344</xmin>
            <ymin>157.97903442382812</ymin>
            <xmax>121.51520538330078</xmax>
            <ymax>121.51520538330078</ymax>
        </bndbox>
    </object>
    
    <object>
        <name>helmet</name>
        <pose>Unspecified</pose>
        <truncated>0</truncated>
        <occluded>0</occluded>
        <difficult>0</difficult>
        <bndbox>
            <xmin>113.09434509277344</xmin>
            <ymin>157.97903442382812</ymin>
            <xmax>121.51520538330078</xmax>
            <ymax>121.51520538330078</ymax>
        </bndbox>
    </object>
    
    <object>
        <name>helmet</name>
        <pose>Unspecified</pose>
        <truncated>0</truncated>
        <occluded>0</occluded>
        <difficult>0</difficult>
        <bndbox>
            <xmin>113.09434509277344</xmin>
            <ymin>157.97903442382812</ymin>
            <xmax>121.51520538330078</xmax>
            <ymax>121.51520538330078</ymax>
        </bndbox>
    </object>
    </annotation>