
    <annotation>
        <folder>Images</folder>
        <filename>hard_hat_workers902.png</filename>
        <size>
            <width>416</width>
            <height>415</height>
            <depth>3</depth>
        </size>
        <segmented>0</segmented>
    
    <object>
        <name>helmet</name>
        <pose>Unspecified</pose>
        <truncated>0</truncated>
        <occluded>0</occluded>
        <difficult>0</difficult>
        <bndbox>
            <xmin>134.08139038085938</xmin>
            <ymin>165.9633331298828</ymin>
            <xmax>145.1439666748047</xmax>
            <ymax>145.1439666748047</ymax>
        </bndbox>
    </object>
    
    <object>
        <name>helmet</name>
        <pose>Unspecified</pose>
        <truncated>0</truncated>
        <occluded>0</occluded>
        <difficult>0</difficult>
        <bndbox>
            <xmin>134.08139038085938</xmin>
            <ymin>165.9633331298828</ymin>
            <xmax>145.1439666748047</xmax>
            <ymax>145.1439666748047</ymax>
        </bndbox>
    </object>
    
    <object>
        <name>helmet</name>
        <pose>Unspecified</pose>
        <truncated>0</truncated>
        <occluded>0</occluded>
        <difficult>0</difficult>
        <bndbox>
            <xmin>134.08139038085938</xmin>
            <ymin>165.9633331298828</ymin>
            <xmax>145.1439666748047</xmax>
            <ymax>145.1439666748047</ymax>
        </bndbox>
    </object>
    
    <object>
        <name>helmet</name>
        <pose>Unspecified</pose>
        <truncated>0</truncated>
        <occluded>0</occluded>
        <difficult>0</difficult>
        <bndbox>
            <xmin>134.08139038085938</xmin>
            <ymin>165.9633331298828</ymin>
            <xmax>145.1439666748047</xmax>
            <ymax>145.1439666748047</ymax>
        </bndbox>
    </object>
    
    <object>
        <name>helmet</name>
        <pose>Unspecified</pose>
        <truncated>0</truncated>
        <occluded>0</occluded>
        <difficult>0</difficult>
        <bndbox>
            <xmin>134.08139038085938</xmin>
            <ymin>165.9633331298828</ymin>
            <xmax>145.1439666748047</xmax>
            <ymax>145.1439666748047</ymax>
        </bndbox>
    </object>
    
    <object>
        <name>helmet</name>
        <pose>Unspecified</pose>
        <truncated>0</truncated>
        <occluded>0</occluded>
        <difficult>0</difficult>
        <bndbox>
            <xmin>134.08139038085938</xmin>
            <ymin>165.9633331298828</ymin>
            <xmax>145.1439666748047</xmax>
            <ymax>145.1439666748047</ymax>
        </bndbox>
    </object>
    
    <object>
        <name>helmet</name>
        <pose>Unspecified</pose>
        <truncated>0</truncated>
        <occluded>0</occluded>
        <difficult>0</difficult>
        <bndbox>
            <xmin>134.08139038085938</xmin>
            <ymin>165.9633331298828</ymin>
            <xmax>145.1439666748047</xmax>
            <ymax>145.1439666748047</ymax>
        </bndbox>
    </object>
    </annotation>