
    <annotation>
        <folder>Images</folder>
        <filename>hard_hat_workers3221.png</filename>
        <size>
            <width>416</width>
            <height>415</height>
            <depth>3</depth>
        </size>
        <segmented>0</segmented>
    
    <object>
        <name>helmet</name>
        <pose>Unspecified</pose>
        <truncated>0</truncated>
        <occluded>0</occluded>
        <difficult>0</difficult>
        <bndbox>
            <xmin>1.1926937103271484</xmin>
            <ymin>62.13465881347656</ymin>
            <xmax>25.436513900756836</xmax>
            <ymax>25.436513900756836</ymax>
        </bndbox>
    </object>
    
    <object>
        <name>helmet</name>
        <pose>Unspecified</pose>
        <truncated>0</truncated>
        <occluded>0</occluded>
        <difficult>0</difficult>
        <bndbox>
            <xmin>1.1926937103271484</xmin>
            <ymin>62.13465881347656</ymin>
            <xmax>25.436513900756836</xmax>
            <ymax>25.436513900756836</ymax>
        </bndbox>
    </object>
    </annotation>