
    <annotation>
        <folder>Images</folder>
        <filename>hard_hat_workers3868.png</filename>
        <size>
            <width>416</width>
            <height>415</height>
            <depth>3</depth>
        </size>
        <segmented>0</segmented>
    
    <object>
        <name>helmet</name>
        <pose>Unspecified</pose>
        <truncated>0</truncated>
        <occluded>0</occluded>
        <difficult>0</difficult>
        <bndbox>
            <xmin>0.0</xmin>
            <ymin>144.4568328857422</ymin>
            <xmax>23.33771324157715</xmax>
            <ymax>23.33771324157715</ymax>
        </bndbox>
    </object>
    
    <object>
        <name>helmet</name>
        <pose>Unspecified</pose>
        <truncated>0</truncated>
        <occluded>0</occluded>
        <difficult>0</difficult>
        <bndbox>
            <xmin>0.0</xmin>
            <ymin>144.4568328857422</ymin>
            <xmax>23.33771324157715</xmax>
            <ymax>23.33771324157715</ymax>
        </bndbox>
    </object>
    
    <object>
        <name>helmet</name>
        <pose>Unspecified</pose>
        <truncated>0</truncated>
        <occluded>0</occluded>
        <difficult>0</difficult>
        <bndbox>
            <xmin>0.0</xmin>
            <ymin>144.4568328857422</ymin>
            <xmax>23.33771324157715</xmax>
            <ymax>23.33771324157715</ymax>
        </bndbox>
    </object>
    
    <object>
        <name>helmet</name>
        <pose>Unspecified</pose>
        <truncated>0</truncated>
        <occluded>0</occluded>
        <difficult>0</difficult>
        <bndbox>
            <xmin>0.0</xmin>
            <ymin>144.4568328857422</ymin>
            <xmax>23.33771324157715</xmax>
            <ymax>23.33771324157715</ymax>
        </bndbox>
    </object>
    
    <object>
        <name>helmet</name>
        <pose>Unspecified</pose>
        <truncated>0</truncated>
        <occluded>0</occluded>
        <difficult>0</difficult>
        <bndbox>
            <xmin>0.0</xmin>
            <ymin>144.4568328857422</ymin>
            <xmax>23.33771324157715</xmax>
            <ymax>23.33771324157715</ymax>
        </bndbox>
    </object>
    </annotation>