
    <annotation>
        <folder>Images</folder>
        <filename>hard_hat_workers588.png</filename>
        <size>
            <width>416</width>
            <height>415</height>
            <depth>3</depth>
        </size>
        <segmented>0</segmented>
    
    <object>
        <name>helmet</name>
        <pose>Unspecified</pose>
        <truncated>0</truncated>
        <occluded>0</occluded>
        <difficult>0</difficult>
        <bndbox>
            <xmin>268.81817626953125</xmin>
            <ymin>2.6578330993652344</ymin>
            <xmax>325.82684326171875</xmax>
            <ymax>325.82684326171875</ymax>
        </bndbox>
    </object>
    </annotation>