
    <annotation>
        <folder>Images</folder>
        <filename>hard_hat_workers184.png</filename>
        <size>
            <width>416</width>
            <height>415</height>
            <depth>3</depth>
        </size>
        <segmented>0</segmented>
    
    <object>
        <name>helmet</name>
        <pose>Unspecified</pose>
        <truncated>0</truncated>
        <occluded>0</occluded>
        <difficult>0</difficult>
        <bndbox>
            <xmin>153.20285034179688</xmin>
            <ymin>196.41030883789062</ymin>
            <xmax>199.11936950683594</xmax>
            <ymax>199.11936950683594</ymax>
        </bndbox>
    </object>
    </annotation>