
    <annotation>
        <folder>Images</folder>
        <filename>hard_hat_workers986.png</filename>
        <size>
            <width>416</width>
            <height>415</height>
            <depth>3</depth>
        </size>
        <segmented>0</segmented>
    
    <object>
        <name>helmet</name>
        <pose>Unspecified</pose>
        <truncated>0</truncated>
        <occluded>0</occluded>
        <difficult>0</difficult>
        <bndbox>
            <xmin>273.0638732910156</xmin>
            <ymin>0.14742088317871094</ymin>
            <xmax>304.3164367675781</xmax>
            <ymax>304.3164367675781</ymax>
        </bndbox>
    </object>
    
    <object>
        <name>helmet</name>
        <pose>Unspecified</pose>
        <truncated>0</truncated>
        <occluded>0</occluded>
        <difficult>0</difficult>
        <bndbox>
            <xmin>273.0638732910156</xmin>
            <ymin>0.14742088317871094</ymin>
            <xmax>304.3164367675781</xmax>
            <ymax>304.3164367675781</ymax>
        </bndbox>
    </object>
    
    <object>
        <name>helmet</name>
        <pose>Unspecified</pose>
        <truncated>0</truncated>
        <occluded>0</occluded>
        <difficult>0</difficult>
        <bndbox>
            <xmin>273.0638732910156</xmin>
            <ymin>0.14742088317871094</ymin>
            <xmax>304.3164367675781</xmax>
            <ymax>304.3164367675781</ymax>
        </bndbox>
    </object>
    </annotation>