
    <annotation>
        <folder>Images</folder>
        <filename>hard_hat_workers4063.png</filename>
        <size>
            <width>416</width>
            <height>415</height>
            <depth>3</depth>
        </size>
        <segmented>0</segmented>
    
    <object>
        <name>helmet</name>
        <pose>Unspecified</pose>
        <truncated>0</truncated>
        <occluded>0</occluded>
        <difficult>0</difficult>
        <bndbox>
            <xmin>185.61715698242188</xmin>
            <ymin>193.75665283203125</ymin>
            <xmax>214.23536682128906</xmax>
            <ymax>214.23536682128906</ymax>
        </bndbox>
    </object>
    
    <object>
        <name>helmet</name>
        <pose>Unspecified</pose>
        <truncated>0</truncated>
        <occluded>0</occluded>
        <difficult>0</difficult>
        <bndbox>
            <xmin>185.61715698242188</xmin>
            <ymin>193.75665283203125</ymin>
            <xmax>214.23536682128906</xmax>
            <ymax>214.23536682128906</ymax>
        </bndbox>
    </object>
    
    <object>
        <name>helmet</name>
        <pose>Unspecified</pose>
        <truncated>0</truncated>
        <occluded>0</occluded>
        <difficult>0</difficult>
        <bndbox>
            <xmin>185.61715698242188</xmin>
            <ymin>193.75665283203125</ymin>
            <xmax>214.23536682128906</xmax>
            <ymax>214.23536682128906</ymax>
        </bndbox>
    </object>
    </annotation>