
    <annotation>
        <folder>Images</folder>
        <filename>hard_hat_workers1782.png</filename>
        <size>
            <width>416</width>
            <height>415</height>
            <depth>3</depth>
        </size>
        <segmented>0</segmented>
    
    <object>
        <name>helmet</name>
        <pose>Unspecified</pose>
        <truncated>0</truncated>
        <occluded>0</occluded>
        <difficult>0</difficult>
        <bndbox>
            <xmin>77.12893676757812</xmin>
            <ymin>186.81768798828125</ymin>
            <xmax>98.381591796875</xmax>
            <ymax>98.381591796875</ymax>
        </bndbox>
    </object>
    
    <object>
        <name>helmet</name>
        <pose>Unspecified</pose>
        <truncated>0</truncated>
        <occluded>0</occluded>
        <difficult>0</difficult>
        <bndbox>
            <xmin>77.12893676757812</xmin>
            <ymin>186.81768798828125</ymin>
            <xmax>98.381591796875</xmax>
            <ymax>98.381591796875</ymax>
        </bndbox>
    </object>
    
    <object>
        <name>helmet</name>
        <pose>Unspecified</pose>
        <truncated>0</truncated>
        <occluded>0</occluded>
        <difficult>0</difficult>
        <bndbox>
            <xmin>77.12893676757812</xmin>
            <ymin>186.81768798828125</ymin>
            <xmax>98.381591796875</xmax>
            <ymax>98.381591796875</ymax>
        </bndbox>
    </object>
    
    <object>
        <name>helmet</name>
        <pose>Unspecified</pose>
        <truncated>0</truncated>
        <occluded>0</occluded>
        <difficult>0</difficult>
        <bndbox>
            <xmin>77.12893676757812</xmin>
            <ymin>186.81768798828125</ymin>
            <xmax>98.381591796875</xmax>
            <ymax>98.381591796875</ymax>
        </bndbox>
    </object>
    </annotation>