
    <annotation>
        <folder>Images</folder>
        <filename>hard_hat_workers1321.png</filename>
        <size>
            <width>416</width>
            <height>415</height>
            <depth>3</depth>
        </size>
        <segmented>0</segmented>
    
    <object>
        <name>helmet</name>
        <pose>Unspecified</pose>
        <truncated>0</truncated>
        <occluded>0</occluded>
        <difficult>0</difficult>
        <bndbox>
            <xmin>2.3592529296875</xmin>
            <ymin>104.83949279785156</ymin>
            <xmax>29.854610443115234</xmax>
            <ymax>29.854610443115234</ymax>
        </bndbox>
    </object>
    
    <object>
        <name>helmet</name>
        <pose>Unspecified</pose>
        <truncated>0</truncated>
        <occluded>0</occluded>
        <difficult>0</difficult>
        <bndbox>
            <xmin>2.3592529296875</xmin>
            <ymin>104.83949279785156</ymin>
            <xmax>29.854610443115234</xmax>
            <ymax>29.854610443115234</ymax>
        </bndbox>
    </object>
    </annotation>