
    <annotation>
        <folder>Images</folder>
        <filename>hard_hat_workers746.png</filename>
        <size>
            <width>416</width>
            <height>415</height>
            <depth>3</depth>
        </size>
        <segmented>0</segmented>
    
    <object>
        <name>helmet</name>
        <pose>Unspecified</pose>
        <truncated>0</truncated>
        <occluded>0</occluded>
        <difficult>0</difficult>
        <bndbox>
            <xmin>210.89125061035156</xmin>
            <ymin>408.1819763183594</ymin>
            <xmax>227.11940002441406</xmax>
            <ymax>227.11940002441406</ymax>
        </bndbox>
    </object>
    </annotation>