
    <annotation>
        <folder>Images</folder>
        <filename>hard_hat_workers3187.png</filename>
        <size>
            <width>416</width>
            <height>415</height>
            <depth>3</depth>
        </size>
        <segmented>0</segmented>
    
    <object>
        <name>helmet</name>
        <pose>Unspecified</pose>
        <truncated>0</truncated>
        <occluded>0</occluded>
        <difficult>0</difficult>
        <bndbox>
            <xmin>320.09906005859375</xmin>
            <ymin>1.6202573776245117</ymin>
            <xmax>399.6953430175781</xmax>
            <ymax>399.6953430175781</ymax>
        </bndbox>
    </object>
    
    <object>
        <name>helmet</name>
        <pose>Unspecified</pose>
        <truncated>0</truncated>
        <occluded>0</occluded>
        <difficult>0</difficult>
        <bndbox>
            <xmin>320.09906005859375</xmin>
            <ymin>1.6202573776245117</ymin>
            <xmax>399.6953430175781</xmax>
            <ymax>399.6953430175781</ymax>
        </bndbox>
    </object>
    </annotation>