
    <annotation>
        <folder>Images</folder>
        <filename>hard_hat_workers873.png</filename>
        <size>
            <width>416</width>
            <height>415</height>
            <depth>3</depth>
        </size>
        <segmented>0</segmented>
    
    <object>
        <name>helmet</name>
        <pose>Unspecified</pose>
        <truncated>0</truncated>
        <occluded>0</occluded>
        <difficult>0</difficult>
        <bndbox>
            <xmin>68.7299575805664</xmin>
            <ymin>209.44862365722656</ymin>
            <xmax>101.79839324951172</xmax>
            <ymax>101.79839324951172</ymax>
        </bndbox>
    </object>
    
    <object>
        <name>helmet</name>
        <pose>Unspecified</pose>
        <truncated>0</truncated>
        <occluded>0</occluded>
        <difficult>0</difficult>
        <bndbox>
            <xmin>68.7299575805664</xmin>
            <ymin>209.44862365722656</ymin>
            <xmax>101.79839324951172</xmax>
            <ymax>101.79839324951172</ymax>
        </bndbox>
    </object>
    </annotation>