
    <annotation>
        <folder>Images</folder>
        <filename>hard_hat_workers3495.png</filename>
        <size>
            <width>416</width>
            <height>415</height>
            <depth>3</depth>
        </size>
        <segmented>0</segmented>
    
    <object>
        <name>helmet</name>
        <pose>Unspecified</pose>
        <truncated>0</truncated>
        <occluded>0</occluded>
        <difficult>0</difficult>
        <bndbox>
            <xmin>296.0335693359375</xmin>
            <ymin>195.39962768554688</ymin>
            <xmax>310.5571594238281</xmax>
            <ymax>310.5571594238281</ymax>
        </bndbox>
    </object>
    
    <object>
        <name>helmet</name>
        <pose>Unspecified</pose>
        <truncated>0</truncated>
        <occluded>0</occluded>
        <difficult>0</difficult>
        <bndbox>
            <xmin>296.0335693359375</xmin>
            <ymin>195.39962768554688</ymin>
            <xmax>310.5571594238281</xmax>
            <ymax>310.5571594238281</ymax>
        </bndbox>
    </object>
    </annotation>