
    <annotation>
        <folder>Images</folder>
        <filename>hard_hat_workers4996.png</filename>
        <size>
            <width>416</width>
            <height>415</height>
            <depth>3</depth>
        </size>
        <segmented>0</segmented>
    
    <object>
        <name>helmet</name>
        <pose>Unspecified</pose>
        <truncated>0</truncated>
        <occluded>0</occluded>
        <difficult>0</difficult>
        <bndbox>
            <xmin>24.59272003173828</xmin>
            <ymin>139.45578002929688</ymin>
            <xmax>49.063270568847656</xmax>
            <ymax>49.063270568847656</ymax>
        </bndbox>
    </object>
    
    <object>
        <name>helmet</name>
        <pose>Unspecified</pose>
        <truncated>0</truncated>
        <occluded>0</occluded>
        <difficult>0</difficult>
        <bndbox>
            <xmin>24.59272003173828</xmin>
            <ymin>139.45578002929688</ymin>
            <xmax>49.063270568847656</xmax>
            <ymax>49.063270568847656</ymax>
        </bndbox>
    </object>
    
    <object>
        <name>helmet</name>
        <pose>Unspecified</pose>
        <truncated>0</truncated>
        <occluded>0</occluded>
        <difficult>0</difficult>
        <bndbox>
            <xmin>24.59272003173828</xmin>
            <ymin>139.45578002929688</ymin>
            <xmax>49.063270568847656</xmax>
            <ymax>49.063270568847656</ymax>
        </bndbox>
    </object>
    </annotation>