
    <annotation>
        <folder>Images</folder>
        <filename>hard_hat_workers3508.png</filename>
        <size>
            <width>416</width>
            <height>415</height>
            <depth>3</depth>
        </size>
        <segmented>0</segmented>
    
    <object>
        <name>helmet</name>
        <pose>Unspecified</pose>
        <truncated>0</truncated>
        <occluded>0</occluded>
        <difficult>0</difficult>
        <bndbox>
            <xmin>70.96884155273438</xmin>
            <ymin>171.09414672851562</ymin>
            <xmax>84.52558135986328</xmax>
            <ymax>84.52558135986328</ymax>
        </bndbox>
    </object>
    
    <object>
        <name>helmet</name>
        <pose>Unspecified</pose>
        <truncated>0</truncated>
        <occluded>0</occluded>
        <difficult>0</difficult>
        <bndbox>
            <xmin>70.96884155273438</xmin>
            <ymin>171.09414672851562</ymin>
            <xmax>84.52558135986328</xmax>
            <ymax>84.52558135986328</ymax>
        </bndbox>
    </object>
    </annotation>