
    <annotation>
        <folder>Images</folder>
        <filename>hard_hat_workers2942.png</filename>
        <size>
            <width>416</width>
            <height>415</height>
            <depth>3</depth>
        </size>
        <segmented>0</segmented>
    
    <object>
        <name>helmet</name>
        <pose>Unspecified</pose>
        <truncated>0</truncated>
        <occluded>0</occluded>
        <difficult>0</difficult>
        <bndbox>
            <xmin>36.256919860839844</xmin>
            <ymin>346.2494201660156</ymin>
            <xmax>63.822757720947266</xmax>
            <ymax>63.822757720947266</ymax>
        </bndbox>
    </object>
    </annotation>