
    <annotation>
        <folder>Images</folder>
        <filename>hard_hat_workers2123.png</filename>
        <size>
            <width>416</width>
            <height>415</height>
            <depth>3</depth>
        </size>
        <segmented>0</segmented>
    
    <object>
        <name>helmet</name>
        <pose>Unspecified</pose>
        <truncated>0</truncated>
        <occluded>0</occluded>
        <difficult>0</difficult>
        <bndbox>
            <xmin>64.62619018554688</xmin>
            <ymin>198.74143981933594</ymin>
            <xmax>83.2430419921875</xmax>
            <ymax>83.2430419921875</ymax>
        </bndbox>
    </object>
    
    <object>
        <name>helmet</name>
        <pose>Unspecified</pose>
        <truncated>0</truncated>
        <occluded>0</occluded>
        <difficult>0</difficult>
        <bndbox>
            <xmin>64.62619018554688</xmin>
            <ymin>198.74143981933594</ymin>
            <xmax>83.2430419921875</xmax>
            <ymax>83.2430419921875</ymax>
        </bndbox>
    </object>
    
    <object>
        <name>helmet</name>
        <pose>Unspecified</pose>
        <truncated>0</truncated>
        <occluded>0</occluded>
        <difficult>0</difficult>
        <bndbox>
            <xmin>64.62619018554688</xmin>
            <ymin>198.74143981933594</ymin>
            <xmax>83.2430419921875</xmax>
            <ymax>83.2430419921875</ymax>
        </bndbox>
    </object>
    </annotation>