
    <annotation>
        <folder>Images</folder>
        <filename>hard_hat_workers1848.png</filename>
        <size>
            <width>416</width>
            <height>415</height>
            <depth>3</depth>
        </size>
        <segmented>0</segmented>
    
    <object>
        <name>helmet</name>
        <pose>Unspecified</pose>
        <truncated>0</truncated>
        <occluded>0</occluded>
        <difficult>0</difficult>
        <bndbox>
            <xmin>22.501983642578125</xmin>
            <ymin>57.57045364379883</ymin>
            <xmax>116.32582092285156</xmax>
            <ymax>116.32582092285156</ymax>
        </bndbox>
    </object>
    </annotation>