
    <annotation>
        <folder>Images</folder>
        <filename>hard_hat_workers238.png</filename>
        <size>
            <width>416</width>
            <height>415</height>
            <depth>3</depth>
        </size>
        <segmented>0</segmented>
    
    <object>
        <name>helmet</name>
        <pose>Unspecified</pose>
        <truncated>0</truncated>
        <occluded>0</occluded>
        <difficult>0</difficult>
        <bndbox>
            <xmin>303.47467041015625</xmin>
            <ymin>217.50450134277344</ymin>
            <xmax>315.10565185546875</xmax>
            <ymax>315.10565185546875</ymax>
        </bndbox>
    </object>
    
    <object>
        <name>helmet</name>
        <pose>Unspecified</pose>
        <truncated>0</truncated>
        <occluded>0</occluded>
        <difficult>0</difficult>
        <bndbox>
            <xmin>303.47467041015625</xmin>
            <ymin>217.50450134277344</ymin>
            <xmax>315.10565185546875</xmax>
            <ymax>315.10565185546875</ymax>
        </bndbox>
    </object>
    
    <object>
        <name>helmet</name>
        <pose>Unspecified</pose>
        <truncated>0</truncated>
        <occluded>0</occluded>
        <difficult>0</difficult>
        <bndbox>
            <xmin>303.47467041015625</xmin>
            <ymin>217.50450134277344</ymin>
            <xmax>315.10565185546875</xmax>
            <ymax>315.10565185546875</ymax>
        </bndbox>
    </object>
    </annotation>