
    <annotation>
        <folder>Images</folder>
        <filename>hard_hat_workers4082.png</filename>
        <size>
            <width>416</width>
            <height>415</height>
            <depth>3</depth>
        </size>
        <segmented>0</segmented>
    
    <object>
        <name>helmet</name>
        <pose>Unspecified</pose>
        <truncated>0</truncated>
        <occluded>0</occluded>
        <difficult>0</difficult>
        <bndbox>
            <xmin>189.99810791015625</xmin>
            <ymin>0.0</ymin>
            <xmax>223.2557830810547</xmax>
            <ymax>223.2557830810547</ymax>
        </bndbox>
    </object>
    </annotation>