
    <annotation>
        <folder>Images</folder>
        <filename>hard_hat_workers341.png</filename>
        <size>
            <width>416</width>
            <height>415</height>
            <depth>3</depth>
        </size>
        <segmented>0</segmented>
    
    <object>
        <name>helmet</name>
        <pose>Unspecified</pose>
        <truncated>0</truncated>
        <occluded>0</occluded>
        <difficult>0</difficult>
        <bndbox>
            <xmin>194.27630615234375</xmin>
            <ymin>0.4702482223510742</ymin>
            <xmax>237.92381286621094</xmax>
            <ymax>237.92381286621094</ymax>
        </bndbox>
    </object>
    </annotation>