
    <annotation>
        <folder>Images</folder>
        <filename>hard_hat_workers2547.png</filename>
        <size>
            <width>416</width>
            <height>415</height>
            <depth>3</depth>
        </size>
        <segmented>0</segmented>
    
    <object>
        <name>helmet</name>
        <pose>Unspecified</pose>
        <truncated>0</truncated>
        <occluded>0</occluded>
        <difficult>0</difficult>
        <bndbox>
            <xmin>129.91961669921875</xmin>
            <ymin>69.98326110839844</ymin>
            <xmax>280.7579345703125</xmax>
            <ymax>280.7579345703125</ymax>
        </bndbox>
    </object>
    
    <object>
        <name>helmet</name>
        <pose>Unspecified</pose>
        <truncated>0</truncated>
        <occluded>0</occluded>
        <difficult>0</difficult>
        <bndbox>
            <xmin>129.91961669921875</xmin>
            <ymin>69.98326110839844</ymin>
            <xmax>280.7579345703125</xmax>
            <ymax>280.7579345703125</ymax>
        </bndbox>
    </object>
    </annotation>