
    <annotation>
        <folder>Images</folder>
        <filename>hard_hat_workers1372.png</filename>
        <size>
            <width>416</width>
            <height>415</height>
            <depth>3</depth>
        </size>
        <segmented>0</segmented>
    
    <object>
        <name>helmet</name>
        <pose>Unspecified</pose>
        <truncated>0</truncated>
        <occluded>0</occluded>
        <difficult>0</difficult>
        <bndbox>
            <xmin>220.83709716796875</xmin>
            <ymin>21.164627075195312</ymin>
            <xmax>294.88055419921875</xmax>
            <ymax>294.88055419921875</ymax>
        </bndbox>
    </object>
    
    <object>
        <name>helmet</name>
        <pose>Unspecified</pose>
        <truncated>0</truncated>
        <occluded>0</occluded>
        <difficult>0</difficult>
        <bndbox>
            <xmin>220.83709716796875</xmin>
            <ymin>21.164627075195312</ymin>
            <xmax>294.88055419921875</xmax>
            <ymax>294.88055419921875</ymax>
        </bndbox>
    </object>
    </annotation>