
    <annotation>
        <folder>Images</folder>
        <filename>hard_hat_workers4248.png</filename>
        <size>
            <width>416</width>
            <height>415</height>
            <depth>3</depth>
        </size>
        <segmented>0</segmented>
    
    <object>
        <name>helmet</name>
        <pose>Unspecified</pose>
        <truncated>0</truncated>
        <occluded>0</occluded>
        <difficult>0</difficult>
        <bndbox>
            <xmin>219.65371704101562</xmin>
            <ymin>2.2959537506103516</ymin>
            <xmax>377.9273986816406</xmax>
            <ymax>377.9273986816406</ymax>
        </bndbox>
    </object>
    
    <object>
        <name>helmet</name>
        <pose>Unspecified</pose>
        <truncated>0</truncated>
        <occluded>0</occluded>
        <difficult>0</difficult>
        <bndbox>
            <xmin>219.65371704101562</xmin>
            <ymin>2.2959537506103516</ymin>
            <xmax>377.9273986816406</xmax>
            <ymax>377.9273986816406</ymax>
        </bndbox>
    </object>
    
    <object>
        <name>helmet</name>
        <pose>Unspecified</pose>
        <truncated>0</truncated>
        <occluded>0</occluded>
        <difficult>0</difficult>
        <bndbox>
            <xmin>219.65371704101562</xmin>
            <ymin>2.2959537506103516</ymin>
            <xmax>377.9273986816406</xmax>
            <ymax>377.9273986816406</ymax>
        </bndbox>
    </object>
    
    <object>
        <name>helmet</name>
        <pose>Unspecified</pose>
        <truncated>0</truncated>
        <occluded>0</occluded>
        <difficult>0</difficult>
        <bndbox>
            <xmin>219.65371704101562</xmin>
            <ymin>2.2959537506103516</ymin>
            <xmax>377.9273986816406</xmax>
            <ymax>377.9273986816406</ymax>
        </bndbox>
    </object>
    
    <object>
        <name>helmet</name>
        <pose>Unspecified</pose>
        <truncated>0</truncated>
        <occluded>0</occluded>
        <difficult>0</difficult>
        <bndbox>
            <xmin>219.65371704101562</xmin>
            <ymin>2.2959537506103516</ymin>
            <xmax>377.9273986816406</xmax>
            <ymax>377.9273986816406</ymax>
        </bndbox>
    </object>
    
    <object>
        <name>helmet</name>
        <pose>Unspecified</pose>
        <truncated>0</truncated>
        <occluded>0</occluded>
        <difficult>0</difficult>
        <bndbox>
            <xmin>219.65371704101562</xmin>
            <ymin>2.2959537506103516</ymin>
            <xmax>377.9273986816406</xmax>
            <ymax>377.9273986816406</ymax>
        </bndbox>
    </object>
    
    <object>
        <name>helmet</name>
        <pose>Unspecified</pose>
        <truncated>0</truncated>
        <occluded>0</occluded>
        <difficult>0</difficult>
        <bndbox>
            <xmin>219.65371704101562</xmin>
            <ymin>2.2959537506103516</ymin>
            <xmax>377.9273986816406</xmax>
            <ymax>377.9273986816406</ymax>
        </bndbox>
    </object>
    </annotation>