
    <annotation>
        <folder>Images</folder>
        <filename>hard_hat_workers1721.png</filename>
        <size>
            <width>416</width>
            <height>415</height>
            <depth>3</depth>
        </size>
        <segmented>0</segmented>
    
    <object>
        <name>helmet</name>
        <pose>Unspecified</pose>
        <truncated>0</truncated>
        <occluded>0</occluded>
        <difficult>0</difficult>
        <bndbox>
            <xmin>225.70394897460938</xmin>
            <ymin>196.5376739501953</ymin>
            <xmax>233.95899963378906</xmax>
            <ymax>233.95899963378906</ymax>
        </bndbox>
    </object>
    </annotation>