
    <annotation>
        <folder>Images</folder>
        <filename>hard_hat_workers2889.png</filename>
        <size>
            <width>416</width>
            <height>415</height>
            <depth>3</depth>
        </size>
        <segmented>0</segmented>
    
    <object>
        <name>helmet</name>
        <pose>Unspecified</pose>
        <truncated>0</truncated>
        <occluded>0</occluded>
        <difficult>0</difficult>
        <bndbox>
            <xmin>18.6358642578125</xmin>
            <ymin>40.72026443481445</ymin>
            <xmax>44.92426300048828</xmax>
            <ymax>44.92426300048828</ymax>
        </bndbox>
    </object>
    
    <object>
        <name>helmet</name>
        <pose>Unspecified</pose>
        <truncated>0</truncated>
        <occluded>0</occluded>
        <difficult>0</difficult>
        <bndbox>
            <xmin>18.6358642578125</xmin>
            <ymin>40.72026443481445</ymin>
            <xmax>44.92426300048828</xmax>
            <ymax>44.92426300048828</ymax>
        </bndbox>
    </object>
    </annotation>