
    <annotation>
        <folder>Images</folder>
        <filename>hard_hat_workers34.png</filename>
        <size>
            <width>416</width>
            <height>415</height>
            <depth>3</depth>
        </size>
        <segmented>0</segmented>
    
    <object>
        <name>helmet</name>
        <pose>Unspecified</pose>
        <truncated>0</truncated>
        <occluded>0</occluded>
        <difficult>0</difficult>
        <bndbox>
            <xmin>0.0</xmin>
            <ymin>178.1330108642578</ymin>
            <xmax>52.742427825927734</xmax>
            <ymax>52.742427825927734</ymax>
        </bndbox>
    </object>
    
    <object>
        <name>helmet</name>
        <pose>Unspecified</pose>
        <truncated>0</truncated>
        <occluded>0</occluded>
        <difficult>0</difficult>
        <bndbox>
            <xmin>0.0</xmin>
            <ymin>178.1330108642578</ymin>
            <xmax>52.742427825927734</xmax>
            <ymax>52.742427825927734</ymax>
        </bndbox>
    </object>
    
    <object>
        <name>helmet</name>
        <pose>Unspecified</pose>
        <truncated>0</truncated>
        <occluded>0</occluded>
        <difficult>0</difficult>
        <bndbox>
            <xmin>0.0</xmin>
            <ymin>178.1330108642578</ymin>
            <xmax>52.742427825927734</xmax>
            <ymax>52.742427825927734</ymax>
        </bndbox>
    </object>
    
    <object>
        <name>helmet</name>
        <pose>Unspecified</pose>
        <truncated>0</truncated>
        <occluded>0</occluded>
        <difficult>0</difficult>
        <bndbox>
            <xmin>0.0</xmin>
            <ymin>178.1330108642578</ymin>
            <xmax>52.742427825927734</xmax>
            <ymax>52.742427825927734</ymax>
        </bndbox>
    </object>
    
    <object>
        <name>helmet</name>
        <pose>Unspecified</pose>
        <truncated>0</truncated>
        <occluded>0</occluded>
        <difficult>0</difficult>
        <bndbox>
            <xmin>0.0</xmin>
            <ymin>178.1330108642578</ymin>
            <xmax>52.742427825927734</xmax>
            <ymax>52.742427825927734</ymax>
        </bndbox>
    </object>
    
    <object>
        <name>helmet</name>
        <pose>Unspecified</pose>
        <truncated>0</truncated>
        <occluded>0</occluded>
        <difficult>0</difficult>
        <bndbox>
            <xmin>0.0</xmin>
            <ymin>178.1330108642578</ymin>
            <xmax>52.742427825927734</xmax>
            <ymax>52.742427825927734</ymax>
        </bndbox>
    </object>
    
    <object>
        <name>helmet</name>
        <pose>Unspecified</pose>
        <truncated>0</truncated>
        <occluded>0</occluded>
        <difficult>0</difficult>
        <bndbox>
            <xmin>0.0</xmin>
            <ymin>178.1330108642578</ymin>
            <xmax>52.742427825927734</xmax>
            <ymax>52.742427825927734</ymax>
        </bndbox>
    </object>
    
    <object>
        <name>helmet</name>
        <pose>Unspecified</pose>
        <truncated>0</truncated>
        <occluded>0</occluded>
        <difficult>0</difficult>
        <bndbox>
            <xmin>0.0</xmin>
            <ymin>178.1330108642578</ymin>
            <xmax>52.742427825927734</xmax>
            <ymax>52.742427825927734</ymax>
        </bndbox>
    </object>
    </annotation>