
    <annotation>
        <folder>Images</folder>
        <filename>hard_hat_workers4544.png</filename>
        <size>
            <width>416</width>
            <height>415</height>
            <depth>3</depth>
        </size>
        <segmented>0</segmented>
    
    <object>
        <name>helmet</name>
        <pose>Unspecified</pose>
        <truncated>0</truncated>
        <occluded>0</occluded>
        <difficult>0</difficult>
        <bndbox>
            <xmin>356.6627197265625</xmin>
            <ymin>214.48291015625</ymin>
            <xmax>376.5643615722656</xmax>
            <ymax>376.5643615722656</ymax>
        </bndbox>
    </object>
    </annotation>