
    <annotation>
        <folder>Images</folder>
        <filename>hard_hat_workers2950.png</filename>
        <size>
            <width>416</width>
            <height>415</height>
            <depth>3</depth>
        </size>
        <segmented>0</segmented>
    
    <object>
        <name>helmet</name>
        <pose>Unspecified</pose>
        <truncated>0</truncated>
        <occluded>0</occluded>
        <difficult>0</difficult>
        <bndbox>
            <xmin>354.0592956542969</xmin>
            <ymin>215.08096313476562</ymin>
            <xmax>400.1668395996094</xmax>
            <ymax>400.1668395996094</ymax>
        </bndbox>
    </object>
    </annotation>