
    <annotation>
        <folder>Images</folder>
        <filename>hard_hat_workers3366.png</filename>
        <size>
            <width>416</width>
            <height>415</height>
            <depth>3</depth>
        </size>
        <segmented>0</segmented>
    
    <object>
        <name>helmet</name>
        <pose>Unspecified</pose>
        <truncated>0</truncated>
        <occluded>0</occluded>
        <difficult>0</difficult>
        <bndbox>
            <xmin>331.17938232421875</xmin>
            <ymin>237.2067413330078</ymin>
            <xmax>346.6228942871094</xmax>
            <ymax>346.6228942871094</ymax>
        </bndbox>
    </object>
    
    <object>
        <name>helmet</name>
        <pose>Unspecified</pose>
        <truncated>0</truncated>
        <occluded>0</occluded>
        <difficult>0</difficult>
        <bndbox>
            <xmin>331.17938232421875</xmin>
            <ymin>237.2067413330078</ymin>
            <xmax>346.6228942871094</xmax>
            <ymax>346.6228942871094</ymax>
        </bndbox>
    </object>
    </annotation>