
    <annotation>
        <folder>Images</folder>
        <filename>hard_hat_workers2075.png</filename>
        <size>
            <width>416</width>
            <height>415</height>
            <depth>3</depth>
        </size>
        <segmented>0</segmented>
    
    <object>
        <name>helmet</name>
        <pose>Unspecified</pose>
        <truncated>0</truncated>
        <occluded>0</occluded>
        <difficult>0</difficult>
        <bndbox>
            <xmin>298.69647216796875</xmin>
            <ymin>349.0547180175781</ymin>
            <xmax>348.2198486328125</xmax>
            <ymax>348.2198486328125</ymax>
        </bndbox>
    </object>
    
    <object>
        <name>helmet</name>
        <pose>Unspecified</pose>
        <truncated>0</truncated>
        <occluded>0</occluded>
        <difficult>0</difficult>
        <bndbox>
            <xmin>298.69647216796875</xmin>
            <ymin>349.0547180175781</ymin>
            <xmax>348.2198486328125</xmax>
            <ymax>348.2198486328125</ymax>
        </bndbox>
    </object>
    </annotation>