
    <annotation>
        <folder>Images</folder>
        <filename>hard_hat_workers635.png</filename>
        <size>
            <width>416</width>
            <height>415</height>
            <depth>3</depth>
        </size>
        <segmented>0</segmented>
    
    <object>
        <name>helmet</name>
        <pose>Unspecified</pose>
        <truncated>0</truncated>
        <occluded>0</occluded>
        <difficult>0</difficult>
        <bndbox>
            <xmin>168.62893676757812</xmin>
            <ymin>162.11196899414062</ymin>
            <xmax>199.12391662597656</xmax>
            <ymax>199.12391662597656</ymax>
        </bndbox>
    </object>
    
    <object>
        <name>helmet</name>
        <pose>Unspecified</pose>
        <truncated>0</truncated>
        <occluded>0</occluded>
        <difficult>0</difficult>
        <bndbox>
            <xmin>168.62893676757812</xmin>
            <ymin>162.11196899414062</ymin>
            <xmax>199.12391662597656</xmax>
            <ymax>199.12391662597656</ymax>
        </bndbox>
    </object>
    
    <object>
        <name>helmet</name>
        <pose>Unspecified</pose>
        <truncated>0</truncated>
        <occluded>0</occluded>
        <difficult>0</difficult>
        <bndbox>
            <xmin>168.62893676757812</xmin>
            <ymin>162.11196899414062</ymin>
            <xmax>199.12391662597656</xmax>
            <ymax>199.12391662597656</ymax>
        </bndbox>
    </object>
    
    <object>
        <name>helmet</name>
        <pose>Unspecified</pose>
        <truncated>0</truncated>
        <occluded>0</occluded>
        <difficult>0</difficult>
        <bndbox>
            <xmin>168.62893676757812</xmin>
            <ymin>162.11196899414062</ymin>
            <xmax>199.12391662597656</xmax>
            <ymax>199.12391662597656</ymax>
        </bndbox>
    </object>
    </annotation>