
    <annotation>
        <folder>Images</folder>
        <filename>hard_hat_workers889.png</filename>
        <size>
            <width>416</width>
            <height>415</height>
            <depth>3</depth>
        </size>
        <segmented>0</segmented>
    
    <object>
        <name>helmet</name>
        <pose>Unspecified</pose>
        <truncated>0</truncated>
        <occluded>0</occluded>
        <difficult>0</difficult>
        <bndbox>
            <xmin>42.85356140136719</xmin>
            <ymin>225.6953582763672</ymin>
            <xmax>61.064979553222656</xmax>
            <ymax>61.064979553222656</ymax>
        </bndbox>
    </object>
    
    <object>
        <name>helmet</name>
        <pose>Unspecified</pose>
        <truncated>0</truncated>
        <occluded>0</occluded>
        <difficult>0</difficult>
        <bndbox>
            <xmin>42.85356140136719</xmin>
            <ymin>225.6953582763672</ymin>
            <xmax>61.064979553222656</xmax>
            <ymax>61.064979553222656</ymax>
        </bndbox>
    </object>
    
    <object>
        <name>helmet</name>
        <pose>Unspecified</pose>
        <truncated>0</truncated>
        <occluded>0</occluded>
        <difficult>0</difficult>
        <bndbox>
            <xmin>42.85356140136719</xmin>
            <ymin>225.6953582763672</ymin>
            <xmax>61.064979553222656</xmax>
            <ymax>61.064979553222656</ymax>
        </bndbox>
    </object>
    </annotation>