
    <annotation>
        <folder>Images</folder>
        <filename>hard_hat_workers2998.png</filename>
        <size>
            <width>416</width>
            <height>415</height>
            <depth>3</depth>
        </size>
        <segmented>0</segmented>
    
    <object>
        <name>helmet</name>
        <pose>Unspecified</pose>
        <truncated>0</truncated>
        <occluded>0</occluded>
        <difficult>0</difficult>
        <bndbox>
            <xmin>88.16062927246094</xmin>
            <ymin>175.18380737304688</ymin>
            <xmax>103.00823974609375</xmax>
            <ymax>103.00823974609375</ymax>
        </bndbox>
    </object>
    
    <object>
        <name>helmet</name>
        <pose>Unspecified</pose>
        <truncated>0</truncated>
        <occluded>0</occluded>
        <difficult>0</difficult>
        <bndbox>
            <xmin>88.16062927246094</xmin>
            <ymin>175.18380737304688</ymin>
            <xmax>103.00823974609375</xmax>
            <ymax>103.00823974609375</ymax>
        </bndbox>
    </object>
    </annotation>