
    <annotation>
        <folder>Images</folder>
        <filename>hard_hat_workers4137.png</filename>
        <size>
            <width>416</width>
            <height>415</height>
            <depth>3</depth>
        </size>
        <segmented>0</segmented>
    
    <object>
        <name>helmet</name>
        <pose>Unspecified</pose>
        <truncated>0</truncated>
        <occluded>0</occluded>
        <difficult>0</difficult>
        <bndbox>
            <xmin>286.68701171875</xmin>
            <ymin>349.20855712890625</ymin>
            <xmax>302.6414794921875</xmax>
            <ymax>302.6414794921875</ymax>
        </bndbox>
    </object>
    </annotation>