
    <annotation>
        <folder>Images</folder>
        <filename>hard_hat_workers1348.png</filename>
        <size>
            <width>416</width>
            <height>415</height>
            <depth>3</depth>
        </size>
        <segmented>0</segmented>
    
    <object>
        <name>helmet</name>
        <pose>Unspecified</pose>
        <truncated>0</truncated>
        <occluded>0</occluded>
        <difficult>0</difficult>
        <bndbox>
            <xmin>318.04541015625</xmin>
            <ymin>22.137542724609375</ymin>
            <xmax>333.619384765625</xmax>
            <ymax>333.619384765625</ymax>
        </bndbox>
    </object>
    
    <object>
        <name>helmet</name>
        <pose>Unspecified</pose>
        <truncated>0</truncated>
        <occluded>0</occluded>
        <difficult>0</difficult>
        <bndbox>
            <xmin>318.04541015625</xmin>
            <ymin>22.137542724609375</ymin>
            <xmax>333.619384765625</xmax>
            <ymax>333.619384765625</ymax>
        </bndbox>
    </object>
    </annotation>