
    <annotation>
        <folder>Images</folder>
        <filename>hard_hat_workers1543.png</filename>
        <size>
            <width>416</width>
            <height>415</height>
            <depth>3</depth>
        </size>
        <segmented>0</segmented>
    
    <object>
        <name>helmet</name>
        <pose>Unspecified</pose>
        <truncated>0</truncated>
        <occluded>0</occluded>
        <difficult>0</difficult>
        <bndbox>
            <xmin>306.0138854980469</xmin>
            <ymin>161.68817138671875</ymin>
            <xmax>314.1403503417969</xmax>
            <ymax>314.1403503417969</ymax>
        </bndbox>
    </object>
    
    <object>
        <name>helmet</name>
        <pose>Unspecified</pose>
        <truncated>0</truncated>
        <occluded>0</occluded>
        <difficult>0</difficult>
        <bndbox>
            <xmin>306.0138854980469</xmin>
            <ymin>161.68817138671875</ymin>
            <xmax>314.1403503417969</xmax>
            <ymax>314.1403503417969</ymax>
        </bndbox>
    </object>
    
    <object>
        <name>helmet</name>
        <pose>Unspecified</pose>
        <truncated>0</truncated>
        <occluded>0</occluded>
        <difficult>0</difficult>
        <bndbox>
            <xmin>306.0138854980469</xmin>
            <ymin>161.68817138671875</ymin>
            <xmax>314.1403503417969</xmax>
            <ymax>314.1403503417969</ymax>
        </bndbox>
    </object>
    
    <object>
        <name>helmet</name>
        <pose>Unspecified</pose>
        <truncated>0</truncated>
        <occluded>0</occluded>
        <difficult>0</difficult>
        <bndbox>
            <xmin>306.0138854980469</xmin>
            <ymin>161.68817138671875</ymin>
            <xmax>314.1403503417969</xmax>
            <ymax>314.1403503417969</ymax>
        </bndbox>
    </object>
    
    <object>
        <name>helmet</name>
        <pose>Unspecified</pose>
        <truncated>0</truncated>
        <occluded>0</occluded>
        <difficult>0</difficult>
        <bndbox>
            <xmin>306.0138854980469</xmin>
            <ymin>161.68817138671875</ymin>
            <xmax>314.1403503417969</xmax>
            <ymax>314.1403503417969</ymax>
        </bndbox>
    </object>
    </annotation>