
    <annotation>
        <folder>Images</folder>
        <filename>hard_hat_workers1586.png</filename>
        <size>
            <width>416</width>
            <height>415</height>
            <depth>3</depth>
        </size>
        <segmented>0</segmented>
    
    <object>
        <name>helmet</name>
        <pose>Unspecified</pose>
        <truncated>0</truncated>
        <occluded>0</occluded>
        <difficult>0</difficult>
        <bndbox>
            <xmin>304.39208984375</xmin>
            <ymin>5.3296966552734375</ymin>
            <xmax>332.9530334472656</xmax>
            <ymax>332.9530334472656</ymax>
        </bndbox>
    </object>
    </annotation>