
    <annotation>
        <folder>Images</folder>
        <filename>hard_hat_workers930.png</filename>
        <size>
            <width>416</width>
            <height>415</height>
            <depth>3</depth>
        </size>
        <segmented>0</segmented>
    
    <object>
        <name>helmet</name>
        <pose>Unspecified</pose>
        <truncated>0</truncated>
        <occluded>0</occluded>
        <difficult>0</difficult>
        <bndbox>
            <xmin>248.0780487060547</xmin>
            <ymin>191.62335205078125</ymin>
            <xmax>273.77191162109375</xmax>
            <ymax>273.77191162109375</ymax>
        </bndbox>
    </object>
    
    <object>
        <name>helmet</name>
        <pose>Unspecified</pose>
        <truncated>0</truncated>
        <occluded>0</occluded>
        <difficult>0</difficult>
        <bndbox>
            <xmin>248.0780487060547</xmin>
            <ymin>191.62335205078125</ymin>
            <xmax>273.77191162109375</xmax>
            <ymax>273.77191162109375</ymax>
        </bndbox>
    </object>
    </annotation>