
    <annotation>
        <folder>Images</folder>
        <filename>hard_hat_workers2794.png</filename>
        <size>
            <width>416</width>
            <height>415</height>
            <depth>3</depth>
        </size>
        <segmented>0</segmented>
    
    <object>
        <name>helmet</name>
        <pose>Unspecified</pose>
        <truncated>0</truncated>
        <occluded>0</occluded>
        <difficult>0</difficult>
        <bndbox>
            <xmin>323.72772216796875</xmin>
            <ymin>153.89352416992188</ymin>
            <xmax>357.4831237792969</xmax>
            <ymax>357.4831237792969</ymax>
        </bndbox>
    </object>
    
    <object>
        <name>helmet</name>
        <pose>Unspecified</pose>
        <truncated>0</truncated>
        <occluded>0</occluded>
        <difficult>0</difficult>
        <bndbox>
            <xmin>323.72772216796875</xmin>
            <ymin>153.89352416992188</ymin>
            <xmax>357.4831237792969</xmax>
            <ymax>357.4831237792969</ymax>
        </bndbox>
    </object>
    
    <object>
        <name>helmet</name>
        <pose>Unspecified</pose>
        <truncated>0</truncated>
        <occluded>0</occluded>
        <difficult>0</difficult>
        <bndbox>
            <xmin>323.72772216796875</xmin>
            <ymin>153.89352416992188</ymin>
            <xmax>357.4831237792969</xmax>
            <ymax>357.4831237792969</ymax>
        </bndbox>
    </object>
    
    <object>
        <name>helmet</name>
        <pose>Unspecified</pose>
        <truncated>0</truncated>
        <occluded>0</occluded>
        <difficult>0</difficult>
        <bndbox>
            <xmin>323.72772216796875</xmin>
            <ymin>153.89352416992188</ymin>
            <xmax>357.4831237792969</xmax>
            <ymax>357.4831237792969</ymax>
        </bndbox>
    </object>
    </annotation>