
    <annotation>
        <folder>Images</folder>
        <filename>hard_hat_workers2332.png</filename>
        <size>
            <width>416</width>
            <height>415</height>
            <depth>3</depth>
        </size>
        <segmented>0</segmented>
    
    <object>
        <name>helmet</name>
        <pose>Unspecified</pose>
        <truncated>0</truncated>
        <occluded>0</occluded>
        <difficult>0</difficult>
        <bndbox>
            <xmin>126.34738159179688</xmin>
            <ymin>157.97512817382812</ymin>
            <xmax>151.5308837890625</xmax>
            <ymax>151.5308837890625</ymax>
        </bndbox>
    </object>
    </annotation>