
    <annotation>
        <folder>Images</folder>
        <filename>hard_hat_workers3695.png</filename>
        <size>
            <width>416</width>
            <height>415</height>
            <depth>3</depth>
        </size>
        <segmented>0</segmented>
    
    <object>
        <name>helmet</name>
        <pose>Unspecified</pose>
        <truncated>0</truncated>
        <occluded>0</occluded>
        <difficult>0</difficult>
        <bndbox>
            <xmin>374.6051025390625</xmin>
            <ymin>133.08682250976562</ymin>
            <xmax>391.0044250488281</xmax>
            <ymax>391.0044250488281</ymax>
        </bndbox>
    </object>
    
    <object>
        <name>helmet</name>
        <pose>Unspecified</pose>
        <truncated>0</truncated>
        <occluded>0</occluded>
        <difficult>0</difficult>
        <bndbox>
            <xmin>374.6051025390625</xmin>
            <ymin>133.08682250976562</ymin>
            <xmax>391.0044250488281</xmax>
            <ymax>391.0044250488281</ymax>
        </bndbox>
    </object>
    
    <object>
        <name>helmet</name>
        <pose>Unspecified</pose>
        <truncated>0</truncated>
        <occluded>0</occluded>
        <difficult>0</difficult>
        <bndbox>
            <xmin>374.6051025390625</xmin>
            <ymin>133.08682250976562</ymin>
            <xmax>391.0044250488281</xmax>
            <ymax>391.0044250488281</ymax>
        </bndbox>
    </object>
    
    <object>
        <name>helmet</name>
        <pose>Unspecified</pose>
        <truncated>0</truncated>
        <occluded>0</occluded>
        <difficult>0</difficult>
        <bndbox>
            <xmin>374.6051025390625</xmin>
            <ymin>133.08682250976562</ymin>
            <xmax>391.0044250488281</xmax>
            <ymax>391.0044250488281</ymax>
        </bndbox>
    </object>
    
    <object>
        <name>helmet</name>
        <pose>Unspecified</pose>
        <truncated>0</truncated>
        <occluded>0</occluded>
        <difficult>0</difficult>
        <bndbox>
            <xmin>374.6051025390625</xmin>
            <ymin>133.08682250976562</ymin>
            <xmax>391.0044250488281</xmax>
            <ymax>391.0044250488281</ymax>
        </bndbox>
    </object>
    
    <object>
        <name>helmet</name>
        <pose>Unspecified</pose>
        <truncated>0</truncated>
        <occluded>0</occluded>
        <difficult>0</difficult>
        <bndbox>
            <xmin>374.6051025390625</xmin>
            <ymin>133.08682250976562</ymin>
            <xmax>391.0044250488281</xmax>
            <ymax>391.0044250488281</ymax>
        </bndbox>
    </object>
    </annotation>