
    <annotation>
        <folder>Images</folder>
        <filename>hard_hat_workers2019.png</filename>
        <size>
            <width>416</width>
            <height>415</height>
            <depth>3</depth>
        </size>
        <segmented>0</segmented>
    
    <object>
        <name>helmet</name>
        <pose>Unspecified</pose>
        <truncated>0</truncated>
        <occluded>0</occluded>
        <difficult>0</difficult>
        <bndbox>
            <xmin>40.403560638427734</xmin>
            <ymin>262.0060119628906</ymin>
            <xmax>75.78712463378906</xmax>
            <ymax>75.78712463378906</ymax>
        </bndbox>
    </object>
    
    <object>
        <name>helmet</name>
        <pose>Unspecified</pose>
        <truncated>0</truncated>
        <occluded>0</occluded>
        <difficult>0</difficult>
        <bndbox>
            <xmin>40.403560638427734</xmin>
            <ymin>262.0060119628906</ymin>
            <xmax>75.78712463378906</xmax>
            <ymax>75.78712463378906</ymax>
        </bndbox>
    </object>
    
    <object>
        <name>helmet</name>
        <pose>Unspecified</pose>
        <truncated>0</truncated>
        <occluded>0</occluded>
        <difficult>0</difficult>
        <bndbox>
            <xmin>40.403560638427734</xmin>
            <ymin>262.0060119628906</ymin>
            <xmax>75.78712463378906</xmax>
            <ymax>75.78712463378906</ymax>
        </bndbox>
    </object>
    </annotation>