
    <annotation>
        <folder>Images</folder>
        <filename>hard_hat_workers4789.png</filename>
        <size>
            <width>416</width>
            <height>415</height>
            <depth>3</depth>
        </size>
        <segmented>0</segmented>
    
    <object>
        <name>helmet</name>
        <pose>Unspecified</pose>
        <truncated>0</truncated>
        <occluded>0</occluded>
        <difficult>0</difficult>
        <bndbox>
            <xmin>131.284912109375</xmin>
            <ymin>174.5216522216797</ymin>
            <xmax>139.90391540527344</xmax>
            <ymax>139.90391540527344</ymax>
        </bndbox>
    </object>
    
    <object>
        <name>helmet</name>
        <pose>Unspecified</pose>
        <truncated>0</truncated>
        <occluded>0</occluded>
        <difficult>0</difficult>
        <bndbox>
            <xmin>131.284912109375</xmin>
            <ymin>174.5216522216797</ymin>
            <xmax>139.90391540527344</xmax>
            <ymax>139.90391540527344</ymax>
        </bndbox>
    </object>
    </annotation>