
    <annotation>
        <folder>Images</folder>
        <filename>hard_hat_workers2803.png</filename>
        <size>
            <width>416</width>
            <height>415</height>
            <depth>3</depth>
        </size>
        <segmented>0</segmented>
    
    <object>
        <name>helmet</name>
        <pose>Unspecified</pose>
        <truncated>0</truncated>
        <occluded>0</occluded>
        <difficult>0</difficult>
        <bndbox>
            <xmin>281.0377197265625</xmin>
            <ymin>2.5874767303466797</ymin>
            <xmax>315.27880859375</xmax>
            <ymax>315.27880859375</ymax>
        </bndbox>
    </object>
    
    <object>
        <name>helmet</name>
        <pose>Unspecified</pose>
        <truncated>0</truncated>
        <occluded>0</occluded>
        <difficult>0</difficult>
        <bndbox>
            <xmin>281.0377197265625</xmin>
            <ymin>2.5874767303466797</ymin>
            <xmax>315.27880859375</xmax>
            <ymax>315.27880859375</ymax>
        </bndbox>
    </object>
    </annotation>