
    <annotation>
        <folder>Images</folder>
        <filename>hard_hat_workers3174.png</filename>
        <size>
            <width>416</width>
            <height>415</height>
            <depth>3</depth>
        </size>
        <segmented>0</segmented>
    
    <object>
        <name>helmet</name>
        <pose>Unspecified</pose>
        <truncated>0</truncated>
        <occluded>0</occluded>
        <difficult>0</difficult>
        <bndbox>
            <xmin>67.34817504882812</xmin>
            <ymin>207.08714294433594</ymin>
            <xmax>99.05399322509766</xmax>
            <ymax>99.05399322509766</ymax>
        </bndbox>
    </object>
    
    <object>
        <name>helmet</name>
        <pose>Unspecified</pose>
        <truncated>0</truncated>
        <occluded>0</occluded>
        <difficult>0</difficult>
        <bndbox>
            <xmin>67.34817504882812</xmin>
            <ymin>207.08714294433594</ymin>
            <xmax>99.05399322509766</xmax>
            <ymax>99.05399322509766</ymax>
        </bndbox>
    </object>
    
    <object>
        <name>helmet</name>
        <pose>Unspecified</pose>
        <truncated>0</truncated>
        <occluded>0</occluded>
        <difficult>0</difficult>
        <bndbox>
            <xmin>67.34817504882812</xmin>
            <ymin>207.08714294433594</ymin>
            <xmax>99.05399322509766</xmax>
            <ymax>99.05399322509766</ymax>
        </bndbox>
    </object>
    
    <object>
        <name>helmet</name>
        <pose>Unspecified</pose>
        <truncated>0</truncated>
        <occluded>0</occluded>
        <difficult>0</difficult>
        <bndbox>
            <xmin>67.34817504882812</xmin>
            <ymin>207.08714294433594</ymin>
            <xmax>99.05399322509766</xmax>
            <ymax>99.05399322509766</ymax>
        </bndbox>
    </object>
    </annotation>