
    <annotation>
        <folder>Images</folder>
        <filename>hard_hat_workers1684.png</filename>
        <size>
            <width>416</width>
            <height>415</height>
            <depth>3</depth>
        </size>
        <segmented>0</segmented>
    
    <object>
        <name>helmet</name>
        <pose>Unspecified</pose>
        <truncated>0</truncated>
        <occluded>0</occluded>
        <difficult>0</difficult>
        <bndbox>
            <xmin>252.22344970703125</xmin>
            <ymin>143.71896362304688</ymin>
            <xmax>276.2926025390625</xmax>
            <ymax>276.2926025390625</ymax>
        </bndbox>
    </object>
    
    <object>
        <name>helmet</name>
        <pose>Unspecified</pose>
        <truncated>0</truncated>
        <occluded>0</occluded>
        <difficult>0</difficult>
        <bndbox>
            <xmin>252.22344970703125</xmin>
            <ymin>143.71896362304688</ymin>
            <xmax>276.2926025390625</xmax>
            <ymax>276.2926025390625</ymax>
        </bndbox>
    </object>
    
    <object>
        <name>helmet</name>
        <pose>Unspecified</pose>
        <truncated>0</truncated>
        <occluded>0</occluded>
        <difficult>0</difficult>
        <bndbox>
            <xmin>252.22344970703125</xmin>
            <ymin>143.71896362304688</ymin>
            <xmax>276.2926025390625</xmax>
            <ymax>276.2926025390625</ymax>
        </bndbox>
    </object>
    
    <object>
        <name>helmet</name>
        <pose>Unspecified</pose>
        <truncated>0</truncated>
        <occluded>0</occluded>
        <difficult>0</difficult>
        <bndbox>
            <xmin>252.22344970703125</xmin>
            <ymin>143.71896362304688</ymin>
            <xmax>276.2926025390625</xmax>
            <ymax>276.2926025390625</ymax>
        </bndbox>
    </object>
    
    <object>
        <name>helmet</name>
        <pose>Unspecified</pose>
        <truncated>0</truncated>
        <occluded>0</occluded>
        <difficult>0</difficult>
        <bndbox>
            <xmin>252.22344970703125</xmin>
            <ymin>143.71896362304688</ymin>
            <xmax>276.2926025390625</xmax>
            <ymax>276.2926025390625</ymax>
        </bndbox>
    </object>
    </annotation>