
    <annotation>
        <folder>Images</folder>
        <filename>hard_hat_workers223.png</filename>
        <size>
            <width>416</width>
            <height>415</height>
            <depth>3</depth>
        </size>
        <segmented>0</segmented>
    
    <object>
        <name>helmet</name>
        <pose>Unspecified</pose>
        <truncated>0</truncated>
        <occluded>0</occluded>
        <difficult>0</difficult>
        <bndbox>
            <xmin>236.02713012695312</xmin>
            <ymin>0.9819908142089844</ymin>
            <xmax>294.4208984375</xmax>
            <ymax>294.4208984375</ymax>
        </bndbox>
    </object>
    </annotation>