
    <annotation>
        <folder>Images</folder>
        <filename>hard_hat_workers4549.png</filename>
        <size>
            <width>416</width>
            <height>415</height>
            <depth>3</depth>
        </size>
        <segmented>0</segmented>
    
    <object>
        <name>helmet</name>
        <pose>Unspecified</pose>
        <truncated>0</truncated>
        <occluded>0</occluded>
        <difficult>0</difficult>
        <bndbox>
            <xmin>194.4729766845703</xmin>
            <ymin>160.9703369140625</ymin>
            <xmax>238.56443786621094</xmax>
            <ymax>238.56443786621094</ymax>
        </bndbox>
    </object>
    
    <object>
        <name>helmet</name>
        <pose>Unspecified</pose>
        <truncated>0</truncated>
        <occluded>0</occluded>
        <difficult>0</difficult>
        <bndbox>
            <xmin>194.4729766845703</xmin>
            <ymin>160.9703369140625</ymin>
            <xmax>238.56443786621094</xmax>
            <ymax>238.56443786621094</ymax>
        </bndbox>
    </object>
    
    <object>
        <name>helmet</name>
        <pose>Unspecified</pose>
        <truncated>0</truncated>
        <occluded>0</occluded>
        <difficult>0</difficult>
        <bndbox>
            <xmin>194.4729766845703</xmin>
            <ymin>160.9703369140625</ymin>
            <xmax>238.56443786621094</xmax>
            <ymax>238.56443786621094</ymax>
        </bndbox>
    </object>
    </annotation>