
    <annotation>
        <folder>Images</folder>
        <filename>hard_hat_workers415.png</filename>
        <size>
            <width>416</width>
            <height>415</height>
            <depth>3</depth>
        </size>
        <segmented>0</segmented>
    
    <object>
        <name>helmet</name>
        <pose>Unspecified</pose>
        <truncated>0</truncated>
        <occluded>0</occluded>
        <difficult>0</difficult>
        <bndbox>
            <xmin>122.51608276367188</xmin>
            <ymin>133.49269104003906</ymin>
            <xmax>146.43780517578125</xmax>
            <ymax>146.43780517578125</ymax>
        </bndbox>
    </object>
    
    <object>
        <name>helmet</name>
        <pose>Unspecified</pose>
        <truncated>0</truncated>
        <occluded>0</occluded>
        <difficult>0</difficult>
        <bndbox>
            <xmin>122.51608276367188</xmin>
            <ymin>133.49269104003906</ymin>
            <xmax>146.43780517578125</xmax>
            <ymax>146.43780517578125</ymax>
        </bndbox>
    </object>
    </annotation>