
    <annotation>
        <folder>Images</folder>
        <filename>hard_hat_workers2062.png</filename>
        <size>
            <width>416</width>
            <height>415</height>
            <depth>3</depth>
        </size>
        <segmented>0</segmented>
    
    <object>
        <name>helmet</name>
        <pose>Unspecified</pose>
        <truncated>0</truncated>
        <occluded>0</occluded>
        <difficult>0</difficult>
        <bndbox>
            <xmin>251.8997802734375</xmin>
            <ymin>4.851025581359863</ymin>
            <xmax>287.50201416015625</xmax>
            <ymax>287.50201416015625</ymax>
        </bndbox>
    </object>
    
    <object>
        <name>helmet</name>
        <pose>Unspecified</pose>
        <truncated>0</truncated>
        <occluded>0</occluded>
        <difficult>0</difficult>
        <bndbox>
            <xmin>251.8997802734375</xmin>
            <ymin>4.851025581359863</ymin>
            <xmax>287.50201416015625</xmax>
            <ymax>287.50201416015625</ymax>
        </bndbox>
    </object>
    </annotation>