
    <annotation>
        <folder>Images</folder>
        <filename>hard_hat_workers1885.png</filename>
        <size>
            <width>416</width>
            <height>415</height>
            <depth>3</depth>
        </size>
        <segmented>0</segmented>
    
    <object>
        <name>helmet</name>
        <pose>Unspecified</pose>
        <truncated>0</truncated>
        <occluded>0</occluded>
        <difficult>0</difficult>
        <bndbox>
            <xmin>302.6705017089844</xmin>
            <ymin>2.5578460693359375</ymin>
            <xmax>390.0052185058594</xmax>
            <ymax>390.0052185058594</ymax>
        </bndbox>
    </object>
    
    <object>
        <name>helmet</name>
        <pose>Unspecified</pose>
        <truncated>0</truncated>
        <occluded>0</occluded>
        <difficult>0</difficult>
        <bndbox>
            <xmin>302.6705017089844</xmin>
            <ymin>2.5578460693359375</ymin>
            <xmax>390.0052185058594</xmax>
            <ymax>390.0052185058594</ymax>
        </bndbox>
    </object>
    
    <object>
        <name>helmet</name>
        <pose>Unspecified</pose>
        <truncated>0</truncated>
        <occluded>0</occluded>
        <difficult>0</difficult>
        <bndbox>
            <xmin>302.6705017089844</xmin>
            <ymin>2.5578460693359375</ymin>
            <xmax>390.0052185058594</xmax>
            <ymax>390.0052185058594</ymax>
        </bndbox>
    </object>
    
    <object>
        <name>helmet</name>
        <pose>Unspecified</pose>
        <truncated>0</truncated>
        <occluded>0</occluded>
        <difficult>0</difficult>
        <bndbox>
            <xmin>302.6705017089844</xmin>
            <ymin>2.5578460693359375</ymin>
            <xmax>390.0052185058594</xmax>
            <ymax>390.0052185058594</ymax>
        </bndbox>
    </object>
    
    <object>
        <name>helmet</name>
        <pose>Unspecified</pose>
        <truncated>0</truncated>
        <occluded>0</occluded>
        <difficult>0</difficult>
        <bndbox>
            <xmin>302.6705017089844</xmin>
            <ymin>2.5578460693359375</ymin>
            <xmax>390.0052185058594</xmax>
            <ymax>390.0052185058594</ymax>
        </bndbox>
    </object>
    
    <object>
        <name>helmet</name>
        <pose>Unspecified</pose>
        <truncated>0</truncated>
        <occluded>0</occluded>
        <difficult>0</difficult>
        <bndbox>
            <xmin>302.6705017089844</xmin>
            <ymin>2.5578460693359375</ymin>
            <xmax>390.0052185058594</xmax>
            <ymax>390.0052185058594</ymax>
        </bndbox>
    </object>
    
    <object>
        <name>helmet</name>
        <pose>Unspecified</pose>
        <truncated>0</truncated>
        <occluded>0</occluded>
        <difficult>0</difficult>
        <bndbox>
            <xmin>302.6705017089844</xmin>
            <ymin>2.5578460693359375</ymin>
            <xmax>390.0052185058594</xmax>
            <ymax>390.0052185058594</ymax>
        </bndbox>
    </object>
    </annotation>