
    <annotation>
        <folder>Images</folder>
        <filename>hard_hat_workers2244.png</filename>
        <size>
            <width>416</width>
            <height>415</height>
            <depth>3</depth>
        </size>
        <segmented>0</segmented>
    
    <object>
        <name>helmet</name>
        <pose>Unspecified</pose>
        <truncated>0</truncated>
        <occluded>0</occluded>
        <difficult>0</difficult>
        <bndbox>
            <xmin>124.40748596191406</xmin>
            <ymin>91.88594055175781</ymin>
            <xmax>245.07427978515625</xmax>
            <ymax>245.07427978515625</ymax>
        </bndbox>
    </object>
    
    <object>
        <name>helmet</name>
        <pose>Unspecified</pose>
        <truncated>0</truncated>
        <occluded>0</occluded>
        <difficult>0</difficult>
        <bndbox>
            <xmin>124.40748596191406</xmin>
            <ymin>91.88594055175781</ymin>
            <xmax>245.07427978515625</xmax>
            <ymax>245.07427978515625</ymax>
        </bndbox>
    </object>
    
    <object>
        <name>helmet</name>
        <pose>Unspecified</pose>
        <truncated>0</truncated>
        <occluded>0</occluded>
        <difficult>0</difficult>
        <bndbox>
            <xmin>124.40748596191406</xmin>
            <ymin>91.88594055175781</ymin>
            <xmax>245.07427978515625</xmax>
            <ymax>245.07427978515625</ymax>
        </bndbox>
    </object>
    
    <object>
        <name>helmet</name>
        <pose>Unspecified</pose>
        <truncated>0</truncated>
        <occluded>0</occluded>
        <difficult>0</difficult>
        <bndbox>
            <xmin>124.40748596191406</xmin>
            <ymin>91.88594055175781</ymin>
            <xmax>245.07427978515625</xmax>
            <ymax>245.07427978515625</ymax>
        </bndbox>
    </object>
    
    <object>
        <name>helmet</name>
        <pose>Unspecified</pose>
        <truncated>0</truncated>
        <occluded>0</occluded>
        <difficult>0</difficult>
        <bndbox>
            <xmin>124.40748596191406</xmin>
            <ymin>91.88594055175781</ymin>
            <xmax>245.07427978515625</xmax>
            <ymax>245.07427978515625</ymax>
        </bndbox>
    </object>
    </annotation>