
    <annotation>
        <folder>Images</folder>
        <filename>hard_hat_workers12.png</filename>
        <size>
            <width>416</width>
            <height>415</height>
            <depth>3</depth>
        </size>
        <segmented>0</segmented>
    
    <object>
        <name>helmet</name>
        <pose>Unspecified</pose>
        <truncated>0</truncated>
        <occluded>0</occluded>
        <difficult>0</difficult>
        <bndbox>
            <xmin>222.0992889404297</xmin>
            <ymin>139.58883666992188</ymin>
            <xmax>249.3086700439453</xmax>
            <ymax>249.3086700439453</ymax>
        </bndbox>
    </object>
    
    <object>
        <name>helmet</name>
        <pose>Unspecified</pose>
        <truncated>0</truncated>
        <occluded>0</occluded>
        <difficult>0</difficult>
        <bndbox>
            <xmin>222.0992889404297</xmin>
            <ymin>139.58883666992188</ymin>
            <xmax>249.3086700439453</xmax>
            <ymax>249.3086700439453</ymax>
        </bndbox>
    </object>
    </annotation>