
    <annotation>
        <folder>Images</folder>
        <filename>hard_hat_workers1662.png</filename>
        <size>
            <width>416</width>
            <height>415</height>
            <depth>3</depth>
        </size>
        <segmented>0</segmented>
    
    <object>
        <name>helmet</name>
        <pose>Unspecified</pose>
        <truncated>0</truncated>
        <occluded>0</occluded>
        <difficult>0</difficult>
        <bndbox>
            <xmin>191.329833984375</xmin>
            <ymin>247.67169189453125</ymin>
            <xmax>201.7400360107422</xmax>
            <ymax>201.7400360107422</ymax>
        </bndbox>
    </object>
    
    <object>
        <name>helmet</name>
        <pose>Unspecified</pose>
        <truncated>0</truncated>
        <occluded>0</occluded>
        <difficult>0</difficult>
        <bndbox>
            <xmin>191.329833984375</xmin>
            <ymin>247.67169189453125</ymin>
            <xmax>201.7400360107422</xmax>
            <ymax>201.7400360107422</ymax>
        </bndbox>
    </object>
    </annotation>