
    <annotation>
        <folder>Images</folder>
        <filename>hard_hat_workers968.png</filename>
        <size>
            <width>416</width>
            <height>415</height>
            <depth>3</depth>
        </size>
        <segmented>0</segmented>
    
    <object>
        <name>helmet</name>
        <pose>Unspecified</pose>
        <truncated>0</truncated>
        <occluded>0</occluded>
        <difficult>0</difficult>
        <bndbox>
            <xmin>65.12709045410156</xmin>
            <ymin>0.0</ymin>
            <xmax>107.65870666503906</xmax>
            <ymax>107.65870666503906</ymax>
        </bndbox>
    </object>
    
    <object>
        <name>helmet</name>
        <pose>Unspecified</pose>
        <truncated>0</truncated>
        <occluded>0</occluded>
        <difficult>0</difficult>
        <bndbox>
            <xmin>65.12709045410156</xmin>
            <ymin>0.0</ymin>
            <xmax>107.65870666503906</xmax>
            <ymax>107.65870666503906</ymax>
        </bndbox>
    </object>
    
    <object>
        <name>helmet</name>
        <pose>Unspecified</pose>
        <truncated>0</truncated>
        <occluded>0</occluded>
        <difficult>0</difficult>
        <bndbox>
            <xmin>65.12709045410156</xmin>
            <ymin>0.0</ymin>
            <xmax>107.65870666503906</xmax>
            <ymax>107.65870666503906</ymax>
        </bndbox>
    </object>
    
    <object>
        <name>helmet</name>
        <pose>Unspecified</pose>
        <truncated>0</truncated>
        <occluded>0</occluded>
        <difficult>0</difficult>
        <bndbox>
            <xmin>65.12709045410156</xmin>
            <ymin>0.0</ymin>
            <xmax>107.65870666503906</xmax>
            <ymax>107.65870666503906</ymax>
        </bndbox>
    </object>
    
    <object>
        <name>helmet</name>
        <pose>Unspecified</pose>
        <truncated>0</truncated>
        <occluded>0</occluded>
        <difficult>0</difficult>
        <bndbox>
            <xmin>65.12709045410156</xmin>
            <ymin>0.0</ymin>
            <xmax>107.65870666503906</xmax>
            <ymax>107.65870666503906</ymax>
        </bndbox>
    </object>
    </annotation>