
    <annotation>
        <folder>Images</folder>
        <filename>hard_hat_workers4591.png</filename>
        <size>
            <width>416</width>
            <height>415</height>
            <depth>3</depth>
        </size>
        <segmented>0</segmented>
    
    <object>
        <name>helmet</name>
        <pose>Unspecified</pose>
        <truncated>0</truncated>
        <occluded>0</occluded>
        <difficult>0</difficult>
        <bndbox>
            <xmin>323.4566650390625</xmin>
            <ymin>160.2845458984375</ymin>
            <xmax>332.1481628417969</xmax>
            <ymax>332.1481628417969</ymax>
        </bndbox>
    </object>
    </annotation>