
    <annotation>
        <folder>Images</folder>
        <filename>hard_hat_workers651.png</filename>
        <size>
            <width>416</width>
            <height>415</height>
            <depth>3</depth>
        </size>
        <segmented>0</segmented>
    
    <object>
        <name>helmet</name>
        <pose>Unspecified</pose>
        <truncated>0</truncated>
        <occluded>0</occluded>
        <difficult>0</difficult>
        <bndbox>
            <xmin>127.64270782470703</xmin>
            <ymin>207.55874633789062</ymin>
            <xmax>145.02227783203125</xmax>
            <ymax>145.02227783203125</ymax>
        </bndbox>
    </object>
    
    <object>
        <name>helmet</name>
        <pose>Unspecified</pose>
        <truncated>0</truncated>
        <occluded>0</occluded>
        <difficult>0</difficult>
        <bndbox>
            <xmin>127.64270782470703</xmin>
            <ymin>207.55874633789062</ymin>
            <xmax>145.02227783203125</xmax>
            <ymax>145.02227783203125</ymax>
        </bndbox>
    </object>
    
    <object>
        <name>helmet</name>
        <pose>Unspecified</pose>
        <truncated>0</truncated>
        <occluded>0</occluded>
        <difficult>0</difficult>
        <bndbox>
            <xmin>127.64270782470703</xmin>
            <ymin>207.55874633789062</ymin>
            <xmax>145.02227783203125</xmax>
            <ymax>145.02227783203125</ymax>
        </bndbox>
    </object>
    
    <object>
        <name>helmet</name>
        <pose>Unspecified</pose>
        <truncated>0</truncated>
        <occluded>0</occluded>
        <difficult>0</difficult>
        <bndbox>
            <xmin>127.64270782470703</xmin>
            <ymin>207.55874633789062</ymin>
            <xmax>145.02227783203125</xmax>
            <ymax>145.02227783203125</ymax>
        </bndbox>
    </object>
    
    <object>
        <name>helmet</name>
        <pose>Unspecified</pose>
        <truncated>0</truncated>
        <occluded>0</occluded>
        <difficult>0</difficult>
        <bndbox>
            <xmin>127.64270782470703</xmin>
            <ymin>207.55874633789062</ymin>
            <xmax>145.02227783203125</xmax>
            <ymax>145.02227783203125</ymax>
        </bndbox>
    </object>
    </annotation>