
    <annotation>
        <folder>Images</folder>
        <filename>hard_hat_workers3314.png</filename>
        <size>
            <width>416</width>
            <height>415</height>
            <depth>3</depth>
        </size>
        <segmented>0</segmented>
    
    <object>
        <name>helmet</name>
        <pose>Unspecified</pose>
        <truncated>0</truncated>
        <occluded>0</occluded>
        <difficult>0</difficult>
        <bndbox>
            <xmin>196.2050018310547</xmin>
            <ymin>53.14903259277344</ymin>
            <xmax>253.73606872558594</xmax>
            <ymax>253.73606872558594</ymax>
        </bndbox>
    </object>
    
    <object>
        <name>helmet</name>
        <pose>Unspecified</pose>
        <truncated>0</truncated>
        <occluded>0</occluded>
        <difficult>0</difficult>
        <bndbox>
            <xmin>196.2050018310547</xmin>
            <ymin>53.14903259277344</ymin>
            <xmax>253.73606872558594</xmax>
            <ymax>253.73606872558594</ymax>
        </bndbox>
    </object>
    
    <object>
        <name>helmet</name>
        <pose>Unspecified</pose>
        <truncated>0</truncated>
        <occluded>0</occluded>
        <difficult>0</difficult>
        <bndbox>
            <xmin>196.2050018310547</xmin>
            <ymin>53.14903259277344</ymin>
            <xmax>253.73606872558594</xmax>
            <ymax>253.73606872558594</ymax>
        </bndbox>
    </object>
    
    <object>
        <name>helmet</name>
        <pose>Unspecified</pose>
        <truncated>0</truncated>
        <occluded>0</occluded>
        <difficult>0</difficult>
        <bndbox>
            <xmin>196.2050018310547</xmin>
            <ymin>53.14903259277344</ymin>
            <xmax>253.73606872558594</xmax>
            <ymax>253.73606872558594</ymax>
        </bndbox>
    </object>
    </annotation>