
    <annotation>
        <folder>Images</folder>
        <filename>hard_hat_workers4504.png</filename>
        <size>
            <width>416</width>
            <height>415</height>
            <depth>3</depth>
        </size>
        <segmented>0</segmented>
    
    <object>
        <name>helmet</name>
        <pose>Unspecified</pose>
        <truncated>0</truncated>
        <occluded>0</occluded>
        <difficult>0</difficult>
        <bndbox>
            <xmin>87.25057983398438</xmin>
            <ymin>2.6965065002441406</ymin>
            <xmax>188.07254028320312</xmax>
            <ymax>188.07254028320312</ymax>
        </bndbox>
    </object>
    </annotation>