
    <annotation>
        <folder>Images</folder>
        <filename>hard_hat_workers3446.png</filename>
        <size>
            <width>416</width>
            <height>415</height>
            <depth>3</depth>
        </size>
        <segmented>0</segmented>
    
    <object>
        <name>helmet</name>
        <pose>Unspecified</pose>
        <truncated>0</truncated>
        <occluded>0</occluded>
        <difficult>0</difficult>
        <bndbox>
            <xmin>131.08013916015625</xmin>
            <ymin>0.13282394409179688</ymin>
            <xmax>190.1968231201172</xmax>
            <ymax>190.1968231201172</ymax>
        </bndbox>
    </object>
    
    <object>
        <name>helmet</name>
        <pose>Unspecified</pose>
        <truncated>0</truncated>
        <occluded>0</occluded>
        <difficult>0</difficult>
        <bndbox>
            <xmin>131.08013916015625</xmin>
            <ymin>0.13282394409179688</ymin>
            <xmax>190.1968231201172</xmax>
            <ymax>190.1968231201172</ymax>
        </bndbox>
    </object>
    </annotation>