
    <annotation>
        <folder>Images</folder>
        <filename>hard_hat_workers1952.png</filename>
        <size>
            <width>416</width>
            <height>415</height>
            <depth>3</depth>
        </size>
        <segmented>0</segmented>
    
    <object>
        <name>helmet</name>
        <pose>Unspecified</pose>
        <truncated>0</truncated>
        <occluded>0</occluded>
        <difficult>0</difficult>
        <bndbox>
            <xmin>298.72552490234375</xmin>
            <ymin>212.32144165039062</ymin>
            <xmax>338.1451721191406</xmax>
            <ymax>338.1451721191406</ymax>
        </bndbox>
    </object>
    
    <object>
        <name>helmet</name>
        <pose>Unspecified</pose>
        <truncated>0</truncated>
        <occluded>0</occluded>
        <difficult>0</difficult>
        <bndbox>
            <xmin>298.72552490234375</xmin>
            <ymin>212.32144165039062</ymin>
            <xmax>338.1451721191406</xmax>
            <ymax>338.1451721191406</ymax>
        </bndbox>
    </object>
    
    <object>
        <name>helmet</name>
        <pose>Unspecified</pose>
        <truncated>0</truncated>
        <occluded>0</occluded>
        <difficult>0</difficult>
        <bndbox>
            <xmin>298.72552490234375</xmin>
            <ymin>212.32144165039062</ymin>
            <xmax>338.1451721191406</xmax>
            <ymax>338.1451721191406</ymax>
        </bndbox>
    </object>
    
    <object>
        <name>helmet</name>
        <pose>Unspecified</pose>
        <truncated>0</truncated>
        <occluded>0</occluded>
        <difficult>0</difficult>
        <bndbox>
            <xmin>298.72552490234375</xmin>
            <ymin>212.32144165039062</ymin>
            <xmax>338.1451721191406</xmax>
            <ymax>338.1451721191406</ymax>
        </bndbox>
    </object>
    
    <object>
        <name>helmet</name>
        <pose>Unspecified</pose>
        <truncated>0</truncated>
        <occluded>0</occluded>
        <difficult>0</difficult>
        <bndbox>
            <xmin>298.72552490234375</xmin>
            <ymin>212.32144165039062</ymin>
            <xmax>338.1451721191406</xmax>
            <ymax>338.1451721191406</ymax>
        </bndbox>
    </object>
    
    <object>
        <name>helmet</name>
        <pose>Unspecified</pose>
        <truncated>0</truncated>
        <occluded>0</occluded>
        <difficult>0</difficult>
        <bndbox>
            <xmin>298.72552490234375</xmin>
            <ymin>212.32144165039062</ymin>
            <xmax>338.1451721191406</xmax>
            <ymax>338.1451721191406</ymax>
        </bndbox>
    </object>
    
    <object>
        <name>helmet</name>
        <pose>Unspecified</pose>
        <truncated>0</truncated>
        <occluded>0</occluded>
        <difficult>0</difficult>
        <bndbox>
            <xmin>298.72552490234375</xmin>
            <ymin>212.32144165039062</ymin>
            <xmax>338.1451721191406</xmax>
            <ymax>338.1451721191406</ymax>
        </bndbox>
    </object>
    
    <object>
        <name>helmet</name>
        <pose>Unspecified</pose>
        <truncated>0</truncated>
        <occluded>0</occluded>
        <difficult>0</difficult>
        <bndbox>
            <xmin>298.72552490234375</xmin>
            <ymin>212.32144165039062</ymin>
            <xmax>338.1451721191406</xmax>
            <ymax>338.1451721191406</ymax>
        </bndbox>
    </object>
    </annotation>