
    <annotation>
        <folder>Images</folder>
        <filename>hard_hat_workers3034.png</filename>
        <size>
            <width>416</width>
            <height>415</height>
            <depth>3</depth>
        </size>
        <segmented>0</segmented>
    
    <object>
        <name>helmet</name>
        <pose>Unspecified</pose>
        <truncated>0</truncated>
        <occluded>0</occluded>
        <difficult>0</difficult>
        <bndbox>
            <xmin>64.48252868652344</xmin>
            <ymin>1.9119853973388672</ymin>
            <xmax>119.58871459960938</xmax>
            <ymax>119.58871459960938</ymax>
        </bndbox>
    </object>
    
    <object>
        <name>helmet</name>
        <pose>Unspecified</pose>
        <truncated>0</truncated>
        <occluded>0</occluded>
        <difficult>0</difficult>
        <bndbox>
            <xmin>64.48252868652344</xmin>
            <ymin>1.9119853973388672</ymin>
            <xmax>119.58871459960938</xmax>
            <ymax>119.58871459960938</ymax>
        </bndbox>
    </object>
    </annotation>