
    <annotation>
        <folder>Images</folder>
        <filename>hard_hat_workers2786.png</filename>
        <size>
            <width>416</width>
            <height>415</height>
            <depth>3</depth>
        </size>
        <segmented>0</segmented>
    
    <object>
        <name>helmet</name>
        <pose>Unspecified</pose>
        <truncated>0</truncated>
        <occluded>0</occluded>
        <difficult>0</difficult>
        <bndbox>
            <xmin>54.97948455810547</xmin>
            <ymin>206.08609008789062</ymin>
            <xmax>61.37078857421875</xmax>
            <ymax>61.37078857421875</ymax>
        </bndbox>
    </object>
    
    <object>
        <name>helmet</name>
        <pose>Unspecified</pose>
        <truncated>0</truncated>
        <occluded>0</occluded>
        <difficult>0</difficult>
        <bndbox>
            <xmin>54.97948455810547</xmin>
            <ymin>206.08609008789062</ymin>
            <xmax>61.37078857421875</xmax>
            <ymax>61.37078857421875</ymax>
        </bndbox>
    </object>
    
    <object>
        <name>helmet</name>
        <pose>Unspecified</pose>
        <truncated>0</truncated>
        <occluded>0</occluded>
        <difficult>0</difficult>
        <bndbox>
            <xmin>54.97948455810547</xmin>
            <ymin>206.08609008789062</ymin>
            <xmax>61.37078857421875</xmax>
            <ymax>61.37078857421875</ymax>
        </bndbox>
    </object>
    
    <object>
        <name>helmet</name>
        <pose>Unspecified</pose>
        <truncated>0</truncated>
        <occluded>0</occluded>
        <difficult>0</difficult>
        <bndbox>
            <xmin>54.97948455810547</xmin>
            <ymin>206.08609008789062</ymin>
            <xmax>61.37078857421875</xmax>
            <ymax>61.37078857421875</ymax>
        </bndbox>
    </object>
    
    <object>
        <name>helmet</name>
        <pose>Unspecified</pose>
        <truncated>0</truncated>
        <occluded>0</occluded>
        <difficult>0</difficult>
        <bndbox>
            <xmin>54.97948455810547</xmin>
            <ymin>206.08609008789062</ymin>
            <xmax>61.37078857421875</xmax>
            <ymax>61.37078857421875</ymax>
        </bndbox>
    </object>
    
    <object>
        <name>helmet</name>
        <pose>Unspecified</pose>
        <truncated>0</truncated>
        <occluded>0</occluded>
        <difficult>0</difficult>
        <bndbox>
            <xmin>54.97948455810547</xmin>
            <ymin>206.08609008789062</ymin>
            <xmax>61.37078857421875</xmax>
            <ymax>61.37078857421875</ymax>
        </bndbox>
    </object>
    </annotation>