
    <annotation>
        <folder>Images</folder>
        <filename>hard_hat_workers302.png</filename>
        <size>
            <width>416</width>
            <height>415</height>
            <depth>3</depth>
        </size>
        <segmented>0</segmented>
    
    <object>
        <name>helmet</name>
        <pose>Unspecified</pose>
        <truncated>0</truncated>
        <occluded>0</occluded>
        <difficult>0</difficult>
        <bndbox>
            <xmin>183.86911010742188</xmin>
            <ymin>128.01014709472656</ymin>
            <xmax>201.7456512451172</xmax>
            <ymax>201.7456512451172</ymax>
        </bndbox>
    </object>
    
    <object>
        <name>helmet</name>
        <pose>Unspecified</pose>
        <truncated>0</truncated>
        <occluded>0</occluded>
        <difficult>0</difficult>
        <bndbox>
            <xmin>183.86911010742188</xmin>
            <ymin>128.01014709472656</ymin>
            <xmax>201.7456512451172</xmax>
            <ymax>201.7456512451172</ymax>
        </bndbox>
    </object>
    
    <object>
        <name>helmet</name>
        <pose>Unspecified</pose>
        <truncated>0</truncated>
        <occluded>0</occluded>
        <difficult>0</difficult>
        <bndbox>
            <xmin>183.86911010742188</xmin>
            <ymin>128.01014709472656</ymin>
            <xmax>201.7456512451172</xmax>
            <ymax>201.7456512451172</ymax>
        </bndbox>
    </object>
    
    <object>
        <name>helmet</name>
        <pose>Unspecified</pose>
        <truncated>0</truncated>
        <occluded>0</occluded>
        <difficult>0</difficult>
        <bndbox>
            <xmin>183.86911010742188</xmin>
            <ymin>128.01014709472656</ymin>
            <xmax>201.7456512451172</xmax>
            <ymax>201.7456512451172</ymax>
        </bndbox>
    </object>
    </annotation>