
    <annotation>
        <folder>Images</folder>
        <filename>hard_hat_workers2554.png</filename>
        <size>
            <width>416</width>
            <height>415</height>
            <depth>3</depth>
        </size>
        <segmented>0</segmented>
    
    <object>
        <name>helmet</name>
        <pose>Unspecified</pose>
        <truncated>0</truncated>
        <occluded>0</occluded>
        <difficult>0</difficult>
        <bndbox>
            <xmin>287.2190856933594</xmin>
            <ymin>1.8890924453735352</ymin>
            <xmax>364.4467468261719</xmax>
            <ymax>364.4467468261719</ymax>
        </bndbox>
    </object>
    
    <object>
        <name>helmet</name>
        <pose>Unspecified</pose>
        <truncated>0</truncated>
        <occluded>0</occluded>
        <difficult>0</difficult>
        <bndbox>
            <xmin>287.2190856933594</xmin>
            <ymin>1.8890924453735352</ymin>
            <xmax>364.4467468261719</xmax>
            <ymax>364.4467468261719</ymax>
        </bndbox>
    </object>
    
    <object>
        <name>helmet</name>
        <pose>Unspecified</pose>
        <truncated>0</truncated>
        <occluded>0</occluded>
        <difficult>0</difficult>
        <bndbox>
            <xmin>287.2190856933594</xmin>
            <ymin>1.8890924453735352</ymin>
            <xmax>364.4467468261719</xmax>
            <ymax>364.4467468261719</ymax>
        </bndbox>
    </object>
    
    <object>
        <name>helmet</name>
        <pose>Unspecified</pose>
        <truncated>0</truncated>
        <occluded>0</occluded>
        <difficult>0</difficult>
        <bndbox>
            <xmin>287.2190856933594</xmin>
            <ymin>1.8890924453735352</ymin>
            <xmax>364.4467468261719</xmax>
            <ymax>364.4467468261719</ymax>
        </bndbox>
    </object>
    
    <object>
        <name>helmet</name>
        <pose>Unspecified</pose>
        <truncated>0</truncated>
        <occluded>0</occluded>
        <difficult>0</difficult>
        <bndbox>
            <xmin>287.2190856933594</xmin>
            <ymin>1.8890924453735352</ymin>
            <xmax>364.4467468261719</xmax>
            <ymax>364.4467468261719</ymax>
        </bndbox>
    </object>
    
    <object>
        <name>helmet</name>
        <pose>Unspecified</pose>
        <truncated>0</truncated>
        <occluded>0</occluded>
        <difficult>0</difficult>
        <bndbox>
            <xmin>287.2190856933594</xmin>
            <ymin>1.8890924453735352</ymin>
            <xmax>364.4467468261719</xmax>
            <ymax>364.4467468261719</ymax>
        </bndbox>
    </object>
    
    <object>
        <name>helmet</name>
        <pose>Unspecified</pose>
        <truncated>0</truncated>
        <occluded>0</occluded>
        <difficult>0</difficult>
        <bndbox>
            <xmin>287.2190856933594</xmin>
            <ymin>1.8890924453735352</ymin>
            <xmax>364.4467468261719</xmax>
            <ymax>364.4467468261719</ymax>
        </bndbox>
    </object>
    
    <object>
        <name>helmet</name>
        <pose>Unspecified</pose>
        <truncated>0</truncated>
        <occluded>0</occluded>
        <difficult>0</difficult>
        <bndbox>
            <xmin>287.2190856933594</xmin>
            <ymin>1.8890924453735352</ymin>
            <xmax>364.4467468261719</xmax>
            <ymax>364.4467468261719</ymax>
        </bndbox>
    </object>
    </annotation>