
    <annotation>
        <folder>Images</folder>
        <filename>hard_hat_workers2985.png</filename>
        <size>
            <width>416</width>
            <height>415</height>
            <depth>3</depth>
        </size>
        <segmented>0</segmented>
    
    <object>
        <name>helmet</name>
        <pose>Unspecified</pose>
        <truncated>0</truncated>
        <occluded>0</occluded>
        <difficult>0</difficult>
        <bndbox>
            <xmin>270.87750244140625</xmin>
            <ymin>169.1307373046875</ymin>
            <xmax>324.7161865234375</xmax>
            <ymax>324.7161865234375</ymax>
        </bndbox>
    </object>
    
    <object>
        <name>helmet</name>
        <pose>Unspecified</pose>
        <truncated>0</truncated>
        <occluded>0</occluded>
        <difficult>0</difficult>
        <bndbox>
            <xmin>270.87750244140625</xmin>
            <ymin>169.1307373046875</ymin>
            <xmax>324.7161865234375</xmax>
            <ymax>324.7161865234375</ymax>
        </bndbox>
    </object>
    
    <object>
        <name>helmet</name>
        <pose>Unspecified</pose>
        <truncated>0</truncated>
        <occluded>0</occluded>
        <difficult>0</difficult>
        <bndbox>
            <xmin>270.87750244140625</xmin>
            <ymin>169.1307373046875</ymin>
            <xmax>324.7161865234375</xmax>
            <ymax>324.7161865234375</ymax>
        </bndbox>
    </object>
    
    <object>
        <name>helmet</name>
        <pose>Unspecified</pose>
        <truncated>0</truncated>
        <occluded>0</occluded>
        <difficult>0</difficult>
        <bndbox>
            <xmin>270.87750244140625</xmin>
            <ymin>169.1307373046875</ymin>
            <xmax>324.7161865234375</xmax>
            <ymax>324.7161865234375</ymax>
        </bndbox>
    </object>
    
    <object>
        <name>helmet</name>
        <pose>Unspecified</pose>
        <truncated>0</truncated>
        <occluded>0</occluded>
        <difficult>0</difficult>
        <bndbox>
            <xmin>270.87750244140625</xmin>
            <ymin>169.1307373046875</ymin>
            <xmax>324.7161865234375</xmax>
            <ymax>324.7161865234375</ymax>
        </bndbox>
    </object>
    
    <object>
        <name>helmet</name>
        <pose>Unspecified</pose>
        <truncated>0</truncated>
        <occluded>0</occluded>
        <difficult>0</difficult>
        <bndbox>
            <xmin>270.87750244140625</xmin>
            <ymin>169.1307373046875</ymin>
            <xmax>324.7161865234375</xmax>
            <ymax>324.7161865234375</ymax>
        </bndbox>
    </object>
    
    <object>
        <name>helmet</name>
        <pose>Unspecified</pose>
        <truncated>0</truncated>
        <occluded>0</occluded>
        <difficult>0</difficult>
        <bndbox>
            <xmin>270.87750244140625</xmin>
            <ymin>169.1307373046875</ymin>
            <xmax>324.7161865234375</xmax>
            <ymax>324.7161865234375</ymax>
        </bndbox>
    </object>
    
    <object>
        <name>helmet</name>
        <pose>Unspecified</pose>
        <truncated>0</truncated>
        <occluded>0</occluded>
        <difficult>0</difficult>
        <bndbox>
            <xmin>270.87750244140625</xmin>
            <ymin>169.1307373046875</ymin>
            <xmax>324.7161865234375</xmax>
            <ymax>324.7161865234375</ymax>
        </bndbox>
    </object>
    </annotation>