
    <annotation>
        <folder>Images</folder>
        <filename>hard_hat_workers2983.png</filename>
        <size>
            <width>416</width>
            <height>415</height>
            <depth>3</depth>
        </size>
        <segmented>0</segmented>
    
    <object>
        <name>helmet</name>
        <pose>Unspecified</pose>
        <truncated>0</truncated>
        <occluded>0</occluded>
        <difficult>0</difficult>
        <bndbox>
            <xmin>142.4520721435547</xmin>
            <ymin>15.906469345092773</ymin>
            <xmax>163.00389099121094</xmax>
            <ymax>163.00389099121094</ymax>
        </bndbox>
    </object>
    
    <object>
        <name>helmet</name>
        <pose>Unspecified</pose>
        <truncated>0</truncated>
        <occluded>0</occluded>
        <difficult>0</difficult>
        <bndbox>
            <xmin>142.4520721435547</xmin>
            <ymin>15.906469345092773</ymin>
            <xmax>163.00389099121094</xmax>
            <ymax>163.00389099121094</ymax>
        </bndbox>
    </object>
    
    <object>
        <name>helmet</name>
        <pose>Unspecified</pose>
        <truncated>0</truncated>
        <occluded>0</occluded>
        <difficult>0</difficult>
        <bndbox>
            <xmin>142.4520721435547</xmin>
            <ymin>15.906469345092773</ymin>
            <xmax>163.00389099121094</xmax>
            <ymax>163.00389099121094</ymax>
        </bndbox>
    </object>
    
    <object>
        <name>helmet</name>
        <pose>Unspecified</pose>
        <truncated>0</truncated>
        <occluded>0</occluded>
        <difficult>0</difficult>
        <bndbox>
            <xmin>142.4520721435547</xmin>
            <ymin>15.906469345092773</ymin>
            <xmax>163.00389099121094</xmax>
            <ymax>163.00389099121094</ymax>
        </bndbox>
    </object>
    
    <object>
        <name>helmet</name>
        <pose>Unspecified</pose>
        <truncated>0</truncated>
        <occluded>0</occluded>
        <difficult>0</difficult>
        <bndbox>
            <xmin>142.4520721435547</xmin>
            <ymin>15.906469345092773</ymin>
            <xmax>163.00389099121094</xmax>
            <ymax>163.00389099121094</ymax>
        </bndbox>
    </object>
    
    <object>
        <name>helmet</name>
        <pose>Unspecified</pose>
        <truncated>0</truncated>
        <occluded>0</occluded>
        <difficult>0</difficult>
        <bndbox>
            <xmin>142.4520721435547</xmin>
            <ymin>15.906469345092773</ymin>
            <xmax>163.00389099121094</xmax>
            <ymax>163.00389099121094</ymax>
        </bndbox>
    </object>
    </annotation>