
    <annotation>
        <folder>Images</folder>
        <filename>hard_hat_workers579.png</filename>
        <size>
            <width>416</width>
            <height>415</height>
            <depth>3</depth>
        </size>
        <segmented>0</segmented>
    
    <object>
        <name>helmet</name>
        <pose>Unspecified</pose>
        <truncated>0</truncated>
        <occluded>0</occluded>
        <difficult>0</difficult>
        <bndbox>
            <xmin>97.1613998413086</xmin>
            <ymin>98.50794219970703</ymin>
            <xmax>174.76498413085938</xmax>
            <ymax>174.76498413085938</ymax>
        </bndbox>
    </object>
    
    <object>
        <name>helmet</name>
        <pose>Unspecified</pose>
        <truncated>0</truncated>
        <occluded>0</occluded>
        <difficult>0</difficult>
        <bndbox>
            <xmin>97.1613998413086</xmin>
            <ymin>98.50794219970703</ymin>
            <xmax>174.76498413085938</xmax>
            <ymax>174.76498413085938</ymax>
        </bndbox>
    </object>
    
    <object>
        <name>helmet</name>
        <pose>Unspecified</pose>
        <truncated>0</truncated>
        <occluded>0</occluded>
        <difficult>0</difficult>
        <bndbox>
            <xmin>97.1613998413086</xmin>
            <ymin>98.50794219970703</ymin>
            <xmax>174.76498413085938</xmax>
            <ymax>174.76498413085938</ymax>
        </bndbox>
    </object>
    
    <object>
        <name>helmet</name>
        <pose>Unspecified</pose>
        <truncated>0</truncated>
        <occluded>0</occluded>
        <difficult>0</difficult>
        <bndbox>
            <xmin>97.1613998413086</xmin>
            <ymin>98.50794219970703</ymin>
            <xmax>174.76498413085938</xmax>
            <ymax>174.76498413085938</ymax>
        </bndbox>
    </object>
    
    <object>
        <name>helmet</name>
        <pose>Unspecified</pose>
        <truncated>0</truncated>
        <occluded>0</occluded>
        <difficult>0</difficult>
        <bndbox>
            <xmin>97.1613998413086</xmin>
            <ymin>98.50794219970703</ymin>
            <xmax>174.76498413085938</xmax>
            <ymax>174.76498413085938</ymax>
        </bndbox>
    </object>
    
    <object>
        <name>helmet</name>
        <pose>Unspecified</pose>
        <truncated>0</truncated>
        <occluded>0</occluded>
        <difficult>0</difficult>
        <bndbox>
            <xmin>97.1613998413086</xmin>
            <ymin>98.50794219970703</ymin>
            <xmax>174.76498413085938</xmax>
            <ymax>174.76498413085938</ymax>
        </bndbox>
    </object>
    
    <object>
        <name>helmet</name>
        <pose>Unspecified</pose>
        <truncated>0</truncated>
        <occluded>0</occluded>
        <difficult>0</difficult>
        <bndbox>
            <xmin>97.1613998413086</xmin>
            <ymin>98.50794219970703</ymin>
            <xmax>174.76498413085938</xmax>
            <ymax>174.76498413085938</ymax>
        </bndbox>
    </object>
    </annotation>