
    <annotation>
        <folder>Images</folder>
        <filename>hard_hat_workers4753.png</filename>
        <size>
            <width>416</width>
            <height>415</height>
            <depth>3</depth>
        </size>
        <segmented>0</segmented>
    
    <object>
        <name>helmet</name>
        <pose>Unspecified</pose>
        <truncated>0</truncated>
        <occluded>0</occluded>
        <difficult>0</difficult>
        <bndbox>
            <xmin>91.73399353027344</xmin>
            <ymin>152.50482177734375</ymin>
            <xmax>110.3335189819336</xmax>
            <ymax>110.3335189819336</ymax>
        </bndbox>
    </object>
    
    <object>
        <name>helmet</name>
        <pose>Unspecified</pose>
        <truncated>0</truncated>
        <occluded>0</occluded>
        <difficult>0</difficult>
        <bndbox>
            <xmin>91.73399353027344</xmin>
            <ymin>152.50482177734375</ymin>
            <xmax>110.3335189819336</xmax>
            <ymax>110.3335189819336</ymax>
        </bndbox>
    </object>
    
    <object>
        <name>helmet</name>
        <pose>Unspecified</pose>
        <truncated>0</truncated>
        <occluded>0</occluded>
        <difficult>0</difficult>
        <bndbox>
            <xmin>91.73399353027344</xmin>
            <ymin>152.50482177734375</ymin>
            <xmax>110.3335189819336</xmax>
            <ymax>110.3335189819336</ymax>
        </bndbox>
    </object>
    
    <object>
        <name>helmet</name>
        <pose>Unspecified</pose>
        <truncated>0</truncated>
        <occluded>0</occluded>
        <difficult>0</difficult>
        <bndbox>
            <xmin>91.73399353027344</xmin>
            <ymin>152.50482177734375</ymin>
            <xmax>110.3335189819336</xmax>
            <ymax>110.3335189819336</ymax>
        </bndbox>
    </object>
    
    <object>
        <name>helmet</name>
        <pose>Unspecified</pose>
        <truncated>0</truncated>
        <occluded>0</occluded>
        <difficult>0</difficult>
        <bndbox>
            <xmin>91.73399353027344</xmin>
            <ymin>152.50482177734375</ymin>
            <xmax>110.3335189819336</xmax>
            <ymax>110.3335189819336</ymax>
        </bndbox>
    </object>
    
    <object>
        <name>helmet</name>
        <pose>Unspecified</pose>
        <truncated>0</truncated>
        <occluded>0</occluded>
        <difficult>0</difficult>
        <bndbox>
            <xmin>91.73399353027344</xmin>
            <ymin>152.50482177734375</ymin>
            <xmax>110.3335189819336</xmax>
            <ymax>110.3335189819336</ymax>
        </bndbox>
    </object>
    
    <object>
        <name>helmet</name>
        <pose>Unspecified</pose>
        <truncated>0</truncated>
        <occluded>0</occluded>
        <difficult>0</difficult>
        <bndbox>
            <xmin>91.73399353027344</xmin>
            <ymin>152.50482177734375</ymin>
            <xmax>110.3335189819336</xmax>
            <ymax>110.3335189819336</ymax>
        </bndbox>
    </object>
    
    <object>
        <name>helmet</name>
        <pose>Unspecified</pose>
        <truncated>0</truncated>
        <occluded>0</occluded>
        <difficult>0</difficult>
        <bndbox>
            <xmin>91.73399353027344</xmin>
            <ymin>152.50482177734375</ymin>
            <xmax>110.3335189819336</xmax>
            <ymax>110.3335189819336</ymax>
        </bndbox>
    </object>
    </annotation>