
    <annotation>
        <folder>Images</folder>
        <filename>hard_hat_workers3320.png</filename>
        <size>
            <width>416</width>
            <height>415</height>
            <depth>3</depth>
        </size>
        <segmented>0</segmented>
    
    <object>
        <name>helmet</name>
        <pose>Unspecified</pose>
        <truncated>0</truncated>
        <occluded>0</occluded>
        <difficult>0</difficult>
        <bndbox>
            <xmin>30.425601959228516</xmin>
            <ymin>30.113231658935547</ymin>
            <xmax>59.832977294921875</xmax>
            <ymax>59.832977294921875</ymax>
        </bndbox>
    </object>
    
    <object>
        <name>helmet</name>
        <pose>Unspecified</pose>
        <truncated>0</truncated>
        <occluded>0</occluded>
        <difficult>0</difficult>
        <bndbox>
            <xmin>30.425601959228516</xmin>
            <ymin>30.113231658935547</ymin>
            <xmax>59.832977294921875</xmax>
            <ymax>59.832977294921875</ymax>
        </bndbox>
    </object>
    
    <object>
        <name>helmet</name>
        <pose>Unspecified</pose>
        <truncated>0</truncated>
        <occluded>0</occluded>
        <difficult>0</difficult>
        <bndbox>
            <xmin>30.425601959228516</xmin>
            <ymin>30.113231658935547</ymin>
            <xmax>59.832977294921875</xmax>
            <ymax>59.832977294921875</ymax>
        </bndbox>
    </object>
    </annotation>