
    <annotation>
        <folder>Images</folder>
        <filename>hard_hat_workers3615.png</filename>
        <size>
            <width>416</width>
            <height>415</height>
            <depth>3</depth>
        </size>
        <segmented>0</segmented>
    
    <object>
        <name>helmet</name>
        <pose>Unspecified</pose>
        <truncated>0</truncated>
        <occluded>0</occluded>
        <difficult>0</difficult>
        <bndbox>
            <xmin>305.5009765625</xmin>
            <ymin>167.13995361328125</ymin>
            <xmax>321.23126220703125</xmax>
            <ymax>321.23126220703125</ymax>
        </bndbox>
    </object>
    
    <object>
        <name>helmet</name>
        <pose>Unspecified</pose>
        <truncated>0</truncated>
        <occluded>0</occluded>
        <difficult>0</difficult>
        <bndbox>
            <xmin>305.5009765625</xmin>
            <ymin>167.13995361328125</ymin>
            <xmax>321.23126220703125</xmax>
            <ymax>321.23126220703125</ymax>
        </bndbox>
    </object>
    
    <object>
        <name>helmet</name>
        <pose>Unspecified</pose>
        <truncated>0</truncated>
        <occluded>0</occluded>
        <difficult>0</difficult>
        <bndbox>
            <xmin>305.5009765625</xmin>
            <ymin>167.13995361328125</ymin>
            <xmax>321.23126220703125</xmax>
            <ymax>321.23126220703125</ymax>
        </bndbox>
    </object>
    
    <object>
        <name>helmet</name>
        <pose>Unspecified</pose>
        <truncated>0</truncated>
        <occluded>0</occluded>
        <difficult>0</difficult>
        <bndbox>
            <xmin>305.5009765625</xmin>
            <ymin>167.13995361328125</ymin>
            <xmax>321.23126220703125</xmax>
            <ymax>321.23126220703125</ymax>
        </bndbox>
    </object>
    
    <object>
        <name>helmet</name>
        <pose>Unspecified</pose>
        <truncated>0</truncated>
        <occluded>0</occluded>
        <difficult>0</difficult>
        <bndbox>
            <xmin>305.5009765625</xmin>
            <ymin>167.13995361328125</ymin>
            <xmax>321.23126220703125</xmax>
            <ymax>321.23126220703125</ymax>
        </bndbox>
    </object>
    
    <object>
        <name>helmet</name>
        <pose>Unspecified</pose>
        <truncated>0</truncated>
        <occluded>0</occluded>
        <difficult>0</difficult>
        <bndbox>
            <xmin>305.5009765625</xmin>
            <ymin>167.13995361328125</ymin>
            <xmax>321.23126220703125</xmax>
            <ymax>321.23126220703125</ymax>
        </bndbox>
    </object>
    
    <object>
        <name>helmet</name>
        <pose>Unspecified</pose>
        <truncated>0</truncated>
        <occluded>0</occluded>
        <difficult>0</difficult>
        <bndbox>
            <xmin>305.5009765625</xmin>
            <ymin>167.13995361328125</ymin>
            <xmax>321.23126220703125</xmax>
            <ymax>321.23126220703125</ymax>
        </bndbox>
    </object>
    </annotation>