
    <annotation>
        <folder>Images</folder>
        <filename>hard_hat_workers2961.png</filename>
        <size>
            <width>416</width>
            <height>415</height>
            <depth>3</depth>
        </size>
        <segmented>0</segmented>
    
    <object>
        <name>helmet</name>
        <pose>Unspecified</pose>
        <truncated>0</truncated>
        <occluded>0</occluded>
        <difficult>0</difficult>
        <bndbox>
            <xmin>202.099853515625</xmin>
            <ymin>31.403125762939453</ymin>
            <xmax>254.90025329589844</xmax>
            <ymax>254.90025329589844</ymax>
        </bndbox>
    </object>
    
    <object>
        <name>helmet</name>
        <pose>Unspecified</pose>
        <truncated>0</truncated>
        <occluded>0</occluded>
        <difficult>0</difficult>
        <bndbox>
            <xmin>202.099853515625</xmin>
            <ymin>31.403125762939453</ymin>
            <xmax>254.90025329589844</xmax>
            <ymax>254.90025329589844</ymax>
        </bndbox>
    </object>
    
    <object>
        <name>helmet</name>
        <pose>Unspecified</pose>
        <truncated>0</truncated>
        <occluded>0</occluded>
        <difficult>0</difficult>
        <bndbox>
            <xmin>202.099853515625</xmin>
            <ymin>31.403125762939453</ymin>
            <xmax>254.90025329589844</xmax>
            <ymax>254.90025329589844</ymax>
        </bndbox>
    </object>
    
    <object>
        <name>helmet</name>
        <pose>Unspecified</pose>
        <truncated>0</truncated>
        <occluded>0</occluded>
        <difficult>0</difficult>
        <bndbox>
            <xmin>202.099853515625</xmin>
            <ymin>31.403125762939453</ymin>
            <xmax>254.90025329589844</xmax>
            <ymax>254.90025329589844</ymax>
        </bndbox>
    </object>
    
    <object>
        <name>helmet</name>
        <pose>Unspecified</pose>
        <truncated>0</truncated>
        <occluded>0</occluded>
        <difficult>0</difficult>
        <bndbox>
            <xmin>202.099853515625</xmin>
            <ymin>31.403125762939453</ymin>
            <xmax>254.90025329589844</xmax>
            <ymax>254.90025329589844</ymax>
        </bndbox>
    </object>
    </annotation>