
    <annotation>
        <folder>Images</folder>
        <filename>hard_hat_workers4275.png</filename>
        <size>
            <width>416</width>
            <height>415</height>
            <depth>3</depth>
        </size>
        <segmented>0</segmented>
    
    <object>
        <name>helmet</name>
        <pose>Unspecified</pose>
        <truncated>0</truncated>
        <occluded>0</occluded>
        <difficult>0</difficult>
        <bndbox>
            <xmin>135.8555145263672</xmin>
            <ymin>144.85194396972656</ymin>
            <xmax>164.91099548339844</xmax>
            <ymax>164.91099548339844</ymax>
        </bndbox>
    </object>
    </annotation>