
    <annotation>
        <folder>Images</folder>
        <filename>hard_hat_workers619.png</filename>
        <size>
            <width>416</width>
            <height>415</height>
            <depth>3</depth>
        </size>
        <segmented>0</segmented>
    
    <object>
        <name>helmet</name>
        <pose>Unspecified</pose>
        <truncated>0</truncated>
        <occluded>0</occluded>
        <difficult>0</difficult>
        <bndbox>
            <xmin>197.42691040039062</xmin>
            <ymin>143.9087677001953</ymin>
            <xmax>258.58148193359375</xmax>
            <ymax>258.58148193359375</ymax>
        </bndbox>
    </object>
    
    <object>
        <name>helmet</name>
        <pose>Unspecified</pose>
        <truncated>0</truncated>
        <occluded>0</occluded>
        <difficult>0</difficult>
        <bndbox>
            <xmin>197.42691040039062</xmin>
            <ymin>143.9087677001953</ymin>
            <xmax>258.58148193359375</xmax>
            <ymax>258.58148193359375</ymax>
        </bndbox>
    </object>
    
    <object>
        <name>helmet</name>
        <pose>Unspecified</pose>
        <truncated>0</truncated>
        <occluded>0</occluded>
        <difficult>0</difficult>
        <bndbox>
            <xmin>197.42691040039062</xmin>
            <ymin>143.9087677001953</ymin>
            <xmax>258.58148193359375</xmax>
            <ymax>258.58148193359375</ymax>
        </bndbox>
    </object>
    
    <object>
        <name>helmet</name>
        <pose>Unspecified</pose>
        <truncated>0</truncated>
        <occluded>0</occluded>
        <difficult>0</difficult>
        <bndbox>
            <xmin>197.42691040039062</xmin>
            <ymin>143.9087677001953</ymin>
            <xmax>258.58148193359375</xmax>
            <ymax>258.58148193359375</ymax>
        </bndbox>
    </object>
    
    <object>
        <name>helmet</name>
        <pose>Unspecified</pose>
        <truncated>0</truncated>
        <occluded>0</occluded>
        <difficult>0</difficult>
        <bndbox>
            <xmin>197.42691040039062</xmin>
            <ymin>143.9087677001953</ymin>
            <xmax>258.58148193359375</xmax>
            <ymax>258.58148193359375</ymax>
        </bndbox>
    </object>
    </annotation>