
    <annotation>
        <folder>Images</folder>
        <filename>hard_hat_workers1102.png</filename>
        <size>
            <width>416</width>
            <height>415</height>
            <depth>3</depth>
        </size>
        <segmented>0</segmented>
    
    <object>
        <name>helmet</name>
        <pose>Unspecified</pose>
        <truncated>0</truncated>
        <occluded>0</occluded>
        <difficult>0</difficult>
        <bndbox>
            <xmin>261.5041809082031</xmin>
            <ymin>362.1413269042969</ymin>
            <xmax>288.7383117675781</xmax>
            <ymax>288.7383117675781</ymax>
        </bndbox>
    </object>
    
    <object>
        <name>helmet</name>
        <pose>Unspecified</pose>
        <truncated>0</truncated>
        <occluded>0</occluded>
        <difficult>0</difficult>
        <bndbox>
            <xmin>261.5041809082031</xmin>
            <ymin>362.1413269042969</ymin>
            <xmax>288.7383117675781</xmax>
            <ymax>288.7383117675781</ymax>
        </bndbox>
    </object>
    
    <object>
        <name>helmet</name>
        <pose>Unspecified</pose>
        <truncated>0</truncated>
        <occluded>0</occluded>
        <difficult>0</difficult>
        <bndbox>
            <xmin>261.5041809082031</xmin>
            <ymin>362.1413269042969</ymin>
            <xmax>288.7383117675781</xmax>
            <ymax>288.7383117675781</ymax>
        </bndbox>
    </object>
    </annotation>