
    <annotation>
        <folder>Images</folder>
        <filename>hard_hat_workers2545.png</filename>
        <size>
            <width>416</width>
            <height>415</height>
            <depth>3</depth>
        </size>
        <segmented>0</segmented>
    
    <object>
        <name>helmet</name>
        <pose>Unspecified</pose>
        <truncated>0</truncated>
        <occluded>0</occluded>
        <difficult>0</difficult>
        <bndbox>
            <xmin>95.01991271972656</xmin>
            <ymin>2.121387481689453</ymin>
            <xmax>141.08993530273438</xmax>
            <ymax>141.08993530273438</ymax>
        </bndbox>
    </object>
    </annotation>