
    <annotation>
        <folder>Images</folder>
        <filename>hard_hat_workers1866.png</filename>
        <size>
            <width>416</width>
            <height>415</height>
            <depth>3</depth>
        </size>
        <segmented>0</segmented>
    
    <object>
        <name>helmet</name>
        <pose>Unspecified</pose>
        <truncated>0</truncated>
        <occluded>0</occluded>
        <difficult>0</difficult>
        <bndbox>
            <xmin>309.383544921875</xmin>
            <ymin>173.65338134765625</ymin>
            <xmax>400.15521240234375</xmax>
            <ymax>400.15521240234375</ymax>
        </bndbox>
    </object>
    </annotation>