
    <annotation>
        <folder>Images</folder>
        <filename>hard_hat_workers1391.png</filename>
        <size>
            <width>416</width>
            <height>415</height>
            <depth>3</depth>
        </size>
        <segmented>0</segmented>
    
    <object>
        <name>helmet</name>
        <pose>Unspecified</pose>
        <truncated>0</truncated>
        <occluded>0</occluded>
        <difficult>0</difficult>
        <bndbox>
            <xmin>136.80746459960938</xmin>
            <ymin>137.2112579345703</ymin>
            <xmax>165.48788452148438</xmax>
            <ymax>165.48788452148438</ymax>
        </bndbox>
    </object>
    
    <object>
        <name>helmet</name>
        <pose>Unspecified</pose>
        <truncated>0</truncated>
        <occluded>0</occluded>
        <difficult>0</difficult>
        <bndbox>
            <xmin>136.80746459960938</xmin>
            <ymin>137.2112579345703</ymin>
            <xmax>165.48788452148438</xmax>
            <ymax>165.48788452148438</ymax>
        </bndbox>
    </object>
    
    <object>
        <name>helmet</name>
        <pose>Unspecified</pose>
        <truncated>0</truncated>
        <occluded>0</occluded>
        <difficult>0</difficult>
        <bndbox>
            <xmin>136.80746459960938</xmin>
            <ymin>137.2112579345703</ymin>
            <xmax>165.48788452148438</xmax>
            <ymax>165.48788452148438</ymax>
        </bndbox>
    </object>
    
    <object>
        <name>helmet</name>
        <pose>Unspecified</pose>
        <truncated>0</truncated>
        <occluded>0</occluded>
        <difficult>0</difficult>
        <bndbox>
            <xmin>136.80746459960938</xmin>
            <ymin>137.2112579345703</ymin>
            <xmax>165.48788452148438</xmax>
            <ymax>165.48788452148438</ymax>
        </bndbox>
    </object>
    </annotation>