
    <annotation>
        <folder>Images</folder>
        <filename>hard_hat_workers2003.png</filename>
        <size>
            <width>416</width>
            <height>415</height>
            <depth>3</depth>
        </size>
        <segmented>0</segmented>
    
    <object>
        <name>helmet</name>
        <pose>Unspecified</pose>
        <truncated>0</truncated>
        <occluded>0</occluded>
        <difficult>0</difficult>
        <bndbox>
            <xmin>155.91529846191406</xmin>
            <ymin>235.6539306640625</ymin>
            <xmax>175.96641540527344</xmax>
            <ymax>175.96641540527344</ymax>
        </bndbox>
    </object>
    
    <object>
        <name>helmet</name>
        <pose>Unspecified</pose>
        <truncated>0</truncated>
        <occluded>0</occluded>
        <difficult>0</difficult>
        <bndbox>
            <xmin>155.91529846191406</xmin>
            <ymin>235.6539306640625</ymin>
            <xmax>175.96641540527344</xmax>
            <ymax>175.96641540527344</ymax>
        </bndbox>
    </object>
    </annotation>