
    <annotation>
        <folder>Images</folder>
        <filename>hard_hat_workers3030.png</filename>
        <size>
            <width>416</width>
            <height>415</height>
            <depth>3</depth>
        </size>
        <segmented>0</segmented>
    
    <object>
        <name>helmet</name>
        <pose>Unspecified</pose>
        <truncated>0</truncated>
        <occluded>0</occluded>
        <difficult>0</difficult>
        <bndbox>
            <xmin>183.82052612304688</xmin>
            <ymin>101.14901733398438</ymin>
            <xmax>195.07826232910156</xmax>
            <ymax>195.07826232910156</ymax>
        </bndbox>
    </object>
    
    <object>
        <name>helmet</name>
        <pose>Unspecified</pose>
        <truncated>0</truncated>
        <occluded>0</occluded>
        <difficult>0</difficult>
        <bndbox>
            <xmin>183.82052612304688</xmin>
            <ymin>101.14901733398438</ymin>
            <xmax>195.07826232910156</xmax>
            <ymax>195.07826232910156</ymax>
        </bndbox>
    </object>
    </annotation>