
    <annotation>
        <folder>Images</folder>
        <filename>hard_hat_workers2093.png</filename>
        <size>
            <width>416</width>
            <height>415</height>
            <depth>3</depth>
        </size>
        <segmented>0</segmented>
    
    <object>
        <name>helmet</name>
        <pose>Unspecified</pose>
        <truncated>0</truncated>
        <occluded>0</occluded>
        <difficult>0</difficult>
        <bndbox>
            <xmin>221.05264282226562</xmin>
            <ymin>192.09149169921875</ymin>
            <xmax>238.8910675048828</xmax>
            <ymax>238.8910675048828</ymax>
        </bndbox>
    </object>
    
    <object>
        <name>helmet</name>
        <pose>Unspecified</pose>
        <truncated>0</truncated>
        <occluded>0</occluded>
        <difficult>0</difficult>
        <bndbox>
            <xmin>221.05264282226562</xmin>
            <ymin>192.09149169921875</ymin>
            <xmax>238.8910675048828</xmax>
            <ymax>238.8910675048828</ymax>
        </bndbox>
    </object>
    
    <object>
        <name>helmet</name>
        <pose>Unspecified</pose>
        <truncated>0</truncated>
        <occluded>0</occluded>
        <difficult>0</difficult>
        <bndbox>
            <xmin>221.05264282226562</xmin>
            <ymin>192.09149169921875</ymin>
            <xmax>238.8910675048828</xmax>
            <ymax>238.8910675048828</ymax>
        </bndbox>
    </object>
    
    <object>
        <name>helmet</name>
        <pose>Unspecified</pose>
        <truncated>0</truncated>
        <occluded>0</occluded>
        <difficult>0</difficult>
        <bndbox>
            <xmin>221.05264282226562</xmin>
            <ymin>192.09149169921875</ymin>
            <xmax>238.8910675048828</xmax>
            <ymax>238.8910675048828</ymax>
        </bndbox>
    </object>
    
    <object>
        <name>helmet</name>
        <pose>Unspecified</pose>
        <truncated>0</truncated>
        <occluded>0</occluded>
        <difficult>0</difficult>
        <bndbox>
            <xmin>221.05264282226562</xmin>
            <ymin>192.09149169921875</ymin>
            <xmax>238.8910675048828</xmax>
            <ymax>238.8910675048828</ymax>
        </bndbox>
    </object>
    
    <object>
        <name>helmet</name>
        <pose>Unspecified</pose>
        <truncated>0</truncated>
        <occluded>0</occluded>
        <difficult>0</difficult>
        <bndbox>
            <xmin>221.05264282226562</xmin>
            <ymin>192.09149169921875</ymin>
            <xmax>238.8910675048828</xmax>
            <ymax>238.8910675048828</ymax>
        </bndbox>
    </object>
    </annotation>