
    <annotation>
        <folder>Images</folder>
        <filename>hard_hat_workers1109.png</filename>
        <size>
            <width>416</width>
            <height>415</height>
            <depth>3</depth>
        </size>
        <segmented>0</segmented>
    
    <object>
        <name>helmet</name>
        <pose>Unspecified</pose>
        <truncated>0</truncated>
        <occluded>0</occluded>
        <difficult>0</difficult>
        <bndbox>
            <xmin>28.800201416015625</xmin>
            <ymin>95.76842498779297</ymin>
            <xmax>174.93862915039062</xmax>
            <ymax>174.93862915039062</ymax>
        </bndbox>
    </object>
    
    <object>
        <name>helmet</name>
        <pose>Unspecified</pose>
        <truncated>0</truncated>
        <occluded>0</occluded>
        <difficult>0</difficult>
        <bndbox>
            <xmin>28.800201416015625</xmin>
            <ymin>95.76842498779297</ymin>
            <xmax>174.93862915039062</xmax>
            <ymax>174.93862915039062</ymax>
        </bndbox>
    </object>
    
    <object>
        <name>helmet</name>
        <pose>Unspecified</pose>
        <truncated>0</truncated>
        <occluded>0</occluded>
        <difficult>0</difficult>
        <bndbox>
            <xmin>28.800201416015625</xmin>
            <ymin>95.76842498779297</ymin>
            <xmax>174.93862915039062</xmax>
            <ymax>174.93862915039062</ymax>
        </bndbox>
    </object>
    
    <object>
        <name>helmet</name>
        <pose>Unspecified</pose>
        <truncated>0</truncated>
        <occluded>0</occluded>
        <difficult>0</difficult>
        <bndbox>
            <xmin>28.800201416015625</xmin>
            <ymin>95.76842498779297</ymin>
            <xmax>174.93862915039062</xmax>
            <ymax>174.93862915039062</ymax>
        </bndbox>
    </object>
    
    <object>
        <name>helmet</name>
        <pose>Unspecified</pose>
        <truncated>0</truncated>
        <occluded>0</occluded>
        <difficult>0</difficult>
        <bndbox>
            <xmin>28.800201416015625</xmin>
            <ymin>95.76842498779297</ymin>
            <xmax>174.93862915039062</xmax>
            <ymax>174.93862915039062</ymax>
        </bndbox>
    </object>
    
    <object>
        <name>helmet</name>
        <pose>Unspecified</pose>
        <truncated>0</truncated>
        <occluded>0</occluded>
        <difficult>0</difficult>
        <bndbox>
            <xmin>28.800201416015625</xmin>
            <ymin>95.76842498779297</ymin>
            <xmax>174.93862915039062</xmax>
            <ymax>174.93862915039062</ymax>
        </bndbox>
    </object>
    </annotation>