
    <annotation>
        <folder>Images</folder>
        <filename>hard_hat_workers2713.png</filename>
        <size>
            <width>416</width>
            <height>415</height>
            <depth>3</depth>
        </size>
        <segmented>0</segmented>
    
    <object>
        <name>helmet</name>
        <pose>Unspecified</pose>
        <truncated>0</truncated>
        <occluded>0</occluded>
        <difficult>0</difficult>
        <bndbox>
            <xmin>125.28353881835938</xmin>
            <ymin>156.59814453125</ymin>
            <xmax>136.652587890625</xmax>
            <ymax>136.652587890625</ymax>
        </bndbox>
    </object>
    </annotation>