
    <annotation>
        <folder>Images</folder>
        <filename>hard_hat_workers4944.png</filename>
        <size>
            <width>416</width>
            <height>415</height>
            <depth>3</depth>
        </size>
        <segmented>0</segmented>
    
    <object>
        <name>helmet</name>
        <pose>Unspecified</pose>
        <truncated>0</truncated>
        <occluded>0</occluded>
        <difficult>0</difficult>
        <bndbox>
            <xmin>182.87435913085938</xmin>
            <ymin>144.30474853515625</ymin>
            <xmax>222.96446228027344</xmax>
            <ymax>222.96446228027344</ymax>
        </bndbox>
    </object>
    </annotation>