
    <annotation>
        <folder>Images</folder>
        <filename>hard_hat_workers99.png</filename>
        <size>
            <width>416</width>
            <height>415</height>
            <depth>3</depth>
        </size>
        <segmented>0</segmented>
    
    <object>
        <name>helmet</name>
        <pose>Unspecified</pose>
        <truncated>0</truncated>
        <occluded>0</occluded>
        <difficult>0</difficult>
        <bndbox>
            <xmin>133.1004180908203</xmin>
            <ymin>157.25814819335938</ymin>
            <xmax>156.80308532714844</xmax>
            <ymax>156.80308532714844</ymax>
        </bndbox>
    </object>
    </annotation>